Index,Date,Type Code,Type Name,Type Shortname,Account,Amount,Amount Currency Full,Amount Currency,Account To,Amount To,Amount To Currency Full,Amount To Currency,Balance,Balance Currency Full,Balance Currency,Base Category,Sub Category,Full Category,Description,Agent,Check number,Class
1,1 Feb 2020 00:00:00,1,Opening Balance,TOB,Wisdom (KBank),0,Thai Baht,THB,,0,Unknown,UKN,1011000,Thai Baht,THB,,,,,,,
2,1 Feb 2020 00:00:37,1,Opening Balance,TOB,World Mastercard (KTC),0,Thai Baht,THB,,0,Unknown,UKN,120000,Thai Baht,THB,,,,,,,
3,20 Feb 2020 20:47:40,2,Expense,TEP,Wisdom (KBank),112,Thai Baht,THB,,0,Unknown,UKN,1010888,Thai Baht,THB,Food,Snacks,Food: Snacks,Shopping on 7-11,TrueWallet,,
4,23 Feb 2020 20:47:58,2,Expense,TEP,Wisdom (KBank),57,Thai Baht,THB,,0,Unknown,UKN,1010831,Thai Baht,THB,Food,Groceries,Food: Groceries,Shopping on 7-11,TrueWallet,,
5,25 Feb 2020 18:47:32,2,Expense,TEP,World Mastercard (KTC),2470.2,Thai Baht,THB,,0,Unknown,UKN,117529.8,Thai Baht,THB,Physical Shopping,Hardware,Physical Shopping: Hardware,Raspberry PI 4GB with case Adapter and HDMI cable,Cytron,,
6,27 Feb 2020 15:00:53,1,Opening Balance,TOB,Wallet,1480,Thai Baht,THB,,0,Unknown,UKN,1480,Thai Baht,THB,,,,,,,
7,1 Mar 2020 00:00:18,1,Opening Balance,TOB,Platnet (USD),111.47,US Dollar,USD,,0,Unknown,UKN,111.47,US Dollar,USD,,,,,,,
8,1 Mar 2020 00:00:29,1,Opening Balance,TOB,Saving Account (ME),1000000,Thai Baht,THB,,0,Unknown,UKN,1000000,Thai Baht,THB,,,,,,,
9,1 Mar 2020 00:00:47,1,Opening Balance,TOB,YouTrip (USD),333.73,US Dollar,USD,,0,Unknown,UKN,333.73,US Dollar,USD,,,,,,,
10,1 Mar 2020 09:00:20,1,Opening Balance,TOB,Primary (KBank),30000,Thai Baht,THB,,0,Unknown,UKN,30000,Thai Baht,THB,,,,,,,
11,1 Mar 2020 09:00:31,2,Expense,TEP,Primary (KBank),2390,Thai Baht,THB,,0,Unknown,UKN,27610,Thai Baht,THB,Gift,Birthday,Gift: Birthday,iPhone 11 - Auto-generated transaction,Rungnapa,,
12,1 Mar 2020 10:00:13,2,Expense,TEP,Primary (KBank),1000,Thai Baht,THB,,0,Unknown,UKN,26610,Thai Baht,THB,Gift,Just for fun,Gift: Just for fun,For daily spending  Auto-generated transaction,,,Couple
13,1 Mar 2020 10:00:38,2,Expense,TEP,Primary (KBank),2000,Thai Baht,THB,,0,Unknown,UKN,24610,Thai Baht,THB,Gift,Just for fun,Gift: Just for fun,For travel together  Auto-generated transaction,,,Couple
14,2 Mar 2020 09:47:47,2,Expense,TEP,World Mastercard (KTC),1557.75,Thai Baht,THB,,0,Unknown,UKN,115972.05,Thai Baht,THB,Physical Shopping,Hardware,Physical Shopping: Hardware,Raspberry PI 2GB with case and Adapter,Cytron,,
15,3 Mar 2020 12:02:31,2,Expense,TEP,World Mastercard (KTC),2266,Thai Baht,THB,,0,Unknown,UKN,113706.05,Thai Baht,THB,Household,Home Supplies,Household: Home Supplies,Air purifier filter on Xiaomi ecosystem,Lazada,,
16,7 Mar 2020 17:32:03,3,Income,TIN,Primary (KBank),300,Thai Baht,THB,,0,Unknown,UKN,24910,Thai Baht,THB,Rent,,Rent,iPad,Natcha,,
17,9 Mar 2020 10:00:33,2,Expense,TEP,Wisdom (KBank),99,Thai Baht,THB,,0,Unknown,UKN,1010732,Thai Baht,THB,Digital Shopping,Services,Digital Shopping: Services,Apple iCloud storage  Auto-generated transaction,Apple,,
18,9 Mar 2020 20:19:49,2,Expense,TEP,Wallet,560,Thai Baht,THB,,0,Unknown,UKN,920,Thai Baht,THB,Food,Dinner,Food: Dinner,,MK,,
19,13 Mar 2020 15:29:23,3,Income,TIN,Primary (KBank),45.2,Thai Baht,THB,,0,Unknown,UKN,24955.2,Thai Baht,THB,Other,,Other,Deposit money from bluepay wallet,BluePay,,
20,13 Mar 2020 15:29:42,3,Income,TIN,Primary (KBank),50,Thai Baht,THB,,0,Unknown,UKN,25005.2,Thai Baht,THB,Reimbursement,,Reimbursement,From Shopee coin,Shopee,,
21,15 Mar 2020 14:31:46,2,Expense,TEP,Wallet,40,Thai Baht,THB,,0,Unknown,UKN,880,Thai Baht,THB,Food,Dinner,Food: Dinner,,,,Couple
22,15 Mar 2020 18:40:52,5,Money Transfer,TMT,Wallet,60,Thai Baht,THB,Primary (KBank),60,Thai Baht,THB,820,Thai Baht,THB,,,,,,,
23,16 Mar 2020 21:04:58,2,Expense,TEP,Primary (KBank),100,Thai Baht,THB,,0,Unknown,UKN,24965.2,Thai Baht,THB,Food,Snacks,Food: Snacks,Add money to true wallet,TrueWallet,,
24,18 Mar 2020 21:09:46,1,Opening Balance,TOB,Fund,21000,Thai Baht,THB,,0,Unknown,UKN,21000,Thai Baht,THB,,,,,,,
25,18 Mar 2020 21:11:16,4,Balance Adjustment,TBJ,Primary (KBank),13348.88,Thai Baht,THB,,0,Unknown,UKN,38314.08,Thai Baht,THB,,,,Transfer from Stock,,,
26,18 Mar 2020 21:19:36,1,Opening Balance,TOB,Stock,0,Thai Baht,THB,,0,Unknown,UKN,0,Thai Baht,THB,,,,,,,
27,18 Mar 2020 21:36:20,3,Income,TIN,Primary (KBank),149,Thai Baht,THB,,0,Unknown,UKN,38463.08,Thai Baht,THB,Reimbursement,,Reimbursement,For buying money pro,Rungnapa,,
28,20 Mar 2020 09:00:08,2,Expense,TEP,Wisdom (KBank),2690,Thai Baht,THB,,0,Unknown,UKN,1008042,Thai Baht,THB,Physical Shopping,Watch,Physical Shopping: Watch,Auto-generated transaction,,,
29,20 Mar 2020 10:00:25,2,Expense,TEP,Wisdom (KBank),517.67,Thai Baht,THB,,0,Unknown,UKN,1007524.33,Thai Baht,THB,Household,Home Appliances,Household: Home Appliances,Xiaomi Air purifier 3H  Auto-generated transaction,Lazada,,
30,20 Mar 2020 10:00:33,2,Expense,TEP,Wisdom (KBank),1322.5,Thai Baht,THB,,0,Unknown,UKN,1006201.83,Thai Baht,THB,Household,Home Appliances,Household: Home Appliances,Washing machine  Auto-generated transaction,PowerBuy,,Couple
31,22 Mar 2020 10:59:29,2,Expense,TEP,Primary (KBank),679.82,Thai Baht,THB,,0,Unknown,UKN,37783.26,Thai Baht,THB,Utilities,Phones,Utilities: Phones,,,,
32,22 Mar 2020 19:42:11,2,Expense,TEP,Platnet (USD),7.9,US Dollar,USD,,0,Unknown,UKN,103.57,US Dollar,USD,Digital Shopping,Services,Digital Shopping: Services,,,,
33,24 Mar 2020 10:28:14,2,Expense,TEP,Wisdom (KBank),29,Thai Baht,THB,,0,Unknown,UKN,1006172.83,Thai Baht,THB,Digital Shopping,Application,Digital Shopping: Application,,,,
34,26 Mar 2020 16:50:42,2,Expense,TEP,Wallet,299,Thai Baht,THB,,0,Unknown,UKN,521,Thai Baht,THB,Food,Dinner,Food: Dinner,,,,
35,27 Mar 2020 10:00:28,3,Income,TIN,Saving Account (ME),904.04,Thai Baht,THB,,0,Unknown,UKN,1000904.04,Thai Baht,THB,Reimbursement,,Reimbursement,Tax reimbursement,Goverment,,
36,27 Mar 2020 15:39:50,2,Expense,TEP,World Mastercard (KTC),2333.45,Thai Baht,THB,,0,Unknown,UKN,111372.6,Thai Baht,THB,Physical Shopping,Hardware,Physical Shopping: Hardware,,,,
37,27 Mar 2020 15:56:43,2,Expense,TEP,Wallet,1,Thai Baht,THB,,0,Unknown,UKN,520,Thai Baht,THB,Gift,Just for fun,Gift: Just for fun,,Natcha,,
38,28 Mar 2020 04:14:35,3,Income,TIN,Primary (KBank),2830,Thai Baht,THB,,0,Unknown,UKN,40613.26,Thai Baht,THB,Reimbursement,,Reimbursement,Helping PI and micro sd card,Rungnapa,,
39,30 Mar 2020 04:22:32,3,Income,TIN,Primary (KBank),42982.71,Thai Baht,THB,,0,Unknown,UKN,83595.97,Thai Baht,THB,Salary,,Salary,,,,
40,30 Mar 2020 10:10:25,5,Money Transfer,TMT,Primary (KBank),6293.95,Thai Baht,THB,World Mastercard (KTC),6293.95,Thai Baht,THB,77302.02,Thai Baht,THB,,,,,,,
41,30 Mar 2020 10:12:43,5,Money Transfer,TMT,Primary (KBank),57302.02,Thai Baht,THB,Saving Account (ME),57302.02,Thai Baht,THB,20000,Thai Baht,THB,,,,Saving,,,
42,30 Mar 2020 13:48:01,5,Money Transfer,TMT,Primary (KBank),15000,Thai Baht,THB,Wallet,15000,Thai Baht,THB,5000,Thai Baht,THB,,,,,,,
43,30 Mar 2020 15:47:22,2,Expense,TEP,Primary (KBank),100,Thai Baht,THB,,0,Unknown,UKN,4900,Thai Baht,THB,Food,Snacks,Food: Snacks,,,,
44,1 Apr 2020 10:00:13,2,Expense,TEP,Primary (KBank),1000,Thai Baht,THB,,0,Unknown,UKN,3900,Thai Baht,THB,Gift,Just for fun,Gift: Just for fun,For daily spending  Auto-generated transaction,,,Couple
45,1 Apr 2020 10:00:38,2,Expense,TEP,Primary (KBank),2000,Thai Baht,THB,,0,Unknown,UKN,1900,Thai Baht,THB,Gift,Just for fun,Gift: Just for fun,For travel together  Auto-generated transaction,,,Couple
46,1 Apr 2020 18:38:42,5,Money Transfer,TMT,Wallet,240,Thai Baht,THB,Primary (KBank),240,Thai Baht,THB,15280,Thai Baht,THB,,,,,,,
47,2 Apr 2020 20:14:02,5,Money Transfer,TMT,Wallet,15000,Thai Baht,THB,Primary (KBank),15000,Thai Baht,THB,280,Thai Baht,THB,,,,,,,
48,3 Apr 2020 18:30:44,2,Expense,TEP,Primary (KBank),672.55,Thai Baht,THB,,0,Unknown,UKN,16467.45,Thai Baht,THB,Utilities,Phones,Utilities: Phones,,,,
49,3 Apr 2020 18:40:04,3,Income,TIN,Primary (KBank),300,Thai Baht,THB,,0,Unknown,UKN,16767.45,Thai Baht,THB,Rent,,Rent,iPad,Natcha,,
50,4 Apr 2020 08:25:30,5,Money Transfer,TMT,Primary (KBank),4798.17,Thai Baht,THB,Wisdom (KBank),4798.17,Thai Baht,THB,11969.28,Thai Baht,THB,,,,,,,
51,8 Apr 2020 19:25:44,5,Money Transfer,TMT,Wallet,200,Thai Baht,THB,Primary (KBank),200,Thai Baht,THB,80,Thai Baht,THB,,,,,,,
52,9 Apr 2020 10:00:33,2,Expense,TEP,Wisdom (KBank),99,Thai Baht,THB,,0,Unknown,UKN,1010872,Thai Baht,THB,Digital Shopping,Services,Digital Shopping: Services,Apple iCloud storage  Auto-generated transaction,Apple,,
53,11 Apr 2020 16:56:03,2,Expense,TEP,Platnet (USD),7.88,US Dollar,USD,,0,Unknown,UKN,95.69,US Dollar,USD,Digital Shopping,Domain,Digital Shopping: Domain,Domain kamontat.in.net,,,
54,14 Apr 2020 17:26:32,3,Income,TIN,Primary (KBank),9000,Thai Baht,THB,,0,Unknown,UKN,21169.28,Thai Baht,THB,Rent,,Rent,Money from prang loan,Natcha,,
55,14 Apr 2020 17:28:51,3,Income,TIN,Primary (KBank),375.97,Thai Baht,THB,,0,Unknown,UKN,21545.25,Thai Baht,THB,Gifts,,Gifts,Cashback,Shopback,,
56,14 Apr 2020 22:13:15,5,Money Transfer,TMT,Primary (KBank),20000,Thai Baht,THB,Wallet,20000,Thai Baht,THB,1545.25,Thai Baht,THB,,,,,,,
57,16 Apr 2020 21:43:21,5,Money Transfer,TMT,Wallet,20000,Thai Baht,THB,Primary (KBank),20000,Thai Baht,THB,80,Thai Baht,THB,,,,,,,
58,20 Apr 2020 09:00:08,2,Expense,TEP,Wisdom (KBank),2690,Thai Baht,THB,,0,Unknown,UKN,1008182,Thai Baht,THB,Physical Shopping,Watch,Physical Shopping: Watch,Auto-generated transaction,,,
59,20 Apr 2020 10:00:25,2,Expense,TEP,Wisdom (KBank),517.67,Thai Baht,THB,,0,Unknown,UKN,1007664.33,Thai Baht,THB,Household,Home Appliances,Household: Home Appliances,Xiaomi Air purifier 3H  Auto-generated transaction,Lazada,,
60,20 Apr 2020 19:30:47,2,Expense,TEP,Primary (KBank),750,Thai Baht,THB,,0,Unknown,UKN,20795.25,Thai Baht,THB,Entertainment,E-Book,Entertainment: E-Book,coins,Dek-D,,
61,27 Apr 2020 19:02:06,5,Money Transfer,TMT,Primary (KBank),2333.45,Thai Baht,THB,World Mastercard (KTC),2333.45,Thai Baht,THB,18461.8,Thai Baht,THB,,,,,,,
62,27 Apr 2020 20:47:22,2,Expense,TEP,Primary (KBank),629,Thai Baht,THB,,0,Unknown,UKN,17832.8,Thai Baht,THB,Drinks,Soft Drinks,Drinks: Soft Drinks,Starbuck,Shopee,,
63,27 Apr 2020 21:00:10,2,Expense,TEP,Primary (KBank),103,Thai Baht,THB,,0,Unknown,UKN,17729.8,Thai Baht,THB,Physical Shopping,Clothing,Physical Shopping: Clothing,,Shopee,,
64,29 Apr 2020 01:20:24,3,Income,TIN,Primary (KBank),44116.04,Thai Baht,THB,,0,Unknown,UKN,61845.84,Thai Baht,THB,Salary,,Salary,,,,
65,29 Apr 2020 22:12:01,2,Expense,TEP,World Mastercard (KTC),101.51,Thai Baht,THB,,0,Unknown,UKN,119898.49,Thai Baht,THB,Physical Shopping,Hardware,Physical Shopping: Hardware,Pi case,Cytron,,
66,30 Apr 2020 12:07:58,2,Expense,TEP,Wallet,80,Thai Baht,THB,,0,Unknown,UKN,0,Thai Baht,THB,Food,Lunch,Food: Lunch,,,,
67,1 May 2020 00:12:02,5,Money Transfer,TMT,Primary (KBank),3335.67,Thai Baht,THB,Wisdom (KBank),3335.67,Thai Baht,THB,58510.17,Thai Baht,THB,,,,,,,
68,1 May 2020 09:00:31,2,Expense,TEP,Primary (KBank),2390,Thai Baht,THB,,0,Unknown,UKN,56120.17,Thai Baht,THB,Gift,Birthday,Gift: Birthday,iPhone 11  Auto-generated transaction,Rungnapa,,
69,1 May 2020 10:00:13,2,Expense,TEP,Primary (KBank),1000,Thai Baht,THB,,0,Unknown,UKN,55120.17,Thai Baht,THB,Gift,Just for fun,Gift: Just for fun,For daily spending  Auto-generated transaction,,,Couple
70,1 May 2020 10:00:38,2,Expense,TEP,Primary (KBank),2000,Thai Baht,THB,,0,Unknown,UKN,53120.17,Thai Baht,THB,Gift,Just for fun,Gift: Just for fun,For travel together  Auto-generated transaction,,,Couple
71,1 May 2020 16:18:05,5,Money Transfer,TMT,Primary (KBank),19900,Thai Baht,THB,Wallet,19900,Thai Baht,THB,33220.17,Thai Baht,THB,,,,,,,
72,1 May 2020 16:18:23,3,Income,TIN,Wallet,100,Thai Baht,THB,,0,Unknown,UKN,20000,Thai Baht,THB,Gifts,,Gifts,,CITIBank,,
73,1 May 2020 17:42:37,5,Money Transfer,TMT,Primary (KBank),10000,Thai Baht,THB,Fund,10000,Thai Baht,THB,23220.17,Thai Baht,THB,,,,,,,
74,5 May 2020 00:32:10,5,Money Transfer,TMT,Wallet,19000,Thai Baht,THB,Primary (KBank),19000,Thai Baht,THB,1000,Thai Baht,THB,,,,,,,
75,5 May 2020 00:33:23,3,Income,TIN,Primary (KBank),162.54,Thai Baht,THB,,0,Unknown,UKN,42382.71,Thai Baht,THB,Reimbursement,,Reimbursement,Buying things from lazada,Natcha,,
76,9 May 2020 10:00:33,2,Expense,TEP,Wisdom (KBank),99,Thai Baht,THB,,0,Unknown,UKN,1010901,Thai Baht,THB,Digital Shopping,Services,Digital Shopping: Services,Apple iCloud storage  Auto-generated transaction,Apple,,
77,9 May 2020 11:44:19,2,Expense,TEP,Primary (KBank),672.55,Thai Baht,THB,,0,Unknown,UKN,41710.16,Thai Baht,THB,Utilities,Phones,Utilities: Phones,,,,
78,9 May 2020 14:14:40,3,Income,TIN,Primary (KBank),300,Thai Baht,THB,,0,Unknown,UKN,42010.16,Thai Baht,THB,Rent,,Rent,iPad,Natcha,,
79,9 May 2020 14:27:27,2,Expense,TEP,Wisdom (KBank),60,Thai Baht,THB,,0,Unknown,UKN,1010841,Thai Baht,THB,Drinks,Soft Drinks,Drinks: Soft Drinks,Water @condo,TrueWallet,,
80,9 May 2020 14:42:32,1,Opening Balance,TOB,True wallet,1.5,Thai Baht,THB,,0,Unknown,UKN,1.5,Thai Baht,THB,,,,,,,
81,9 May 2020 14:42:45,5,Money Transfer,TMT,Primary (KBank),100,Thai Baht,THB,True wallet,100,Thai Baht,THB,41910.16,Thai Baht,THB,,,,,,,
82,12 May 2020 16:44:00,2,Expense,TEP,Primary (KBank),28.59,Thai Baht,THB,,0,Unknown,UKN,41881.57,Thai Baht,THB,Financial,Punishment,Financial: Punishment,Forget to pay ready credit,CITIBank,,
83,17 May 2020 14:31:58,2,Expense,TEP,World Mastercard (KTC),728,Thai Baht,THB,,0,Unknown,UKN,119170.49,Thai Baht,THB,Food,Lunch,Food: Lunch,,BBQ Plaza,,
84,17 May 2020 15:14:30,2,Expense,TEP,World Mastercard (KTC),358,Thai Baht,THB,,0,Unknown,UKN,118812.49,Thai Baht,THB,Household,Home Supplies,Household: Home Supplies,,Boots,,
85,19 May 2020 18:46:35,2,Expense,TEP,Primary (KBank),55,Thai Baht,THB,,0,Unknown,UKN,41826.57,Thai Baht,THB,Food,Snacks,Food: Snacks,,FoodPanda,,
86,20 May 2020 09:00:08,2,Expense,TEP,Wisdom (KBank),2690,Thai Baht,THB,,0,Unknown,UKN,1008151,Thai Baht,THB,Physical Shopping,Watch,Physical Shopping: Watch,Auto-generated transaction,,,
87,20 May 2020 10:00:25,2,Expense,TEP,Wisdom (KBank),517.67,Thai Baht,THB,,0,Unknown,UKN,1007633.33,Thai Baht,THB,Household,Home Appliances,Household: Home Appliances,Xiaomi Air purifier 3H  Auto-generated transaction,Lazada,,
88,20 May 2020 11:16:20,2,Expense,TEP,Primary (KBank),104,Thai Baht,THB,,0,Unknown,UKN,41722.57,Thai Baht,THB,Food,Dinner,Food: Dinner,,FoodPanda,,
89,20 May 2020 11:16:57,3,Income,TIN,Primary (KBank),870,Thai Baht,THB,,0,Unknown,UKN,42592.57,Thai Baht,THB,Reimbursement,,Reimbursement,,Natcha,,
90,21 May 2020 11:50:45,2,Expense,TEP,Platnet (USD),27.18,US Dollar,USD,,0,Unknown,UKN,68.51,US Dollar,USD,Digital Shopping,Domain,Digital Shopping: Domain,,Natcha,,
91,25 May 2020 19:06:23,2,Expense,TEP,Wisdom (KBank),62,Thai Baht,THB,,0,Unknown,UKN,1007571.33,Thai Baht,THB,Food,Snacks,Food: Snacks,,7-11,,
92,27 May 2020 02:00:39,3,Income,TIN,Primary (KBank),957.19,Thai Baht,THB,,0,Unknown,UKN,43549.76,Thai Baht,THB,Other,,Other,,,,
93,28 May 2020 21:52:06,4,Balance Adjustment,TBJ,Platnet (USD),-1.18,US Dollar,USD,,0,Unknown,UKN,67.33,US Dollar,USD,,,,,,,
94,28 May 2020 21:52:16,5,Money Transfer,TMT,Platnet (USD),67.33,US Dollar,USD,Primary (KBank),2150.25,Thai Baht,THB,0,US Dollar,USD,,,,,,,
95,29 May 2020 01:18:47,3,Income,TIN,Primary (KBank),43516.04,Thai Baht,THB,,0,Unknown,UKN,89216.05,Thai Baht,THB,Salary,,Salary,,Agoda,,
96,30 May 2020 15:34:24,2,Expense,TEP,YouTrip (USD),107.88,US Dollar,USD,,0,Unknown,UKN,225.85,US Dollar,USD,Digital Shopping,Services,Digital Shopping: Services,,,,
97,31 May 2020 23:39:06,5,Money Transfer,TMT,Primary (KBank),1187.51,Thai Baht,THB,World Mastercard (KTC),1187.51,Thai Baht,THB,88028.54,Thai Baht,THB,,,,,,,
98,1 Jun 2020 09:00:31,2,Expense,TEP,Primary (KBank),2390,Thai Baht,THB,,0,Unknown,UKN,85638.54,Thai Baht,THB,Gift,Birthday,Gift: Birthday,iPhone 11  Auto-generated transaction,Rungnapa,,
99,1 Jun 2020 10:00:13,2,Expense,TEP,Primary (KBank),1000,Thai Baht,THB,,0,Unknown,UKN,84638.54,Thai Baht,THB,Gift,Just for fun,Gift: Just for fun,For daily spending  Auto-generated transaction,,,Couple
100,1 Jun 2020 10:00:38,2,Expense,TEP,Primary (KBank),2000,Thai Baht,THB,,0,Unknown,UKN,82638.54,Thai Baht,THB,Gift,Just for fun,Gift: Just for fun,For travel together  Auto-generated transaction,,,Couple
101,2 Jun 2020 00:28:35,5,Money Transfer,TMT,Primary (KBank),3366.67,Thai Baht,THB,Wisdom (KBank),3366.67,Thai Baht,THB,79271.87,Thai Baht,THB,,,,,,,
102,2 Jun 2020 00:31:12,5,Money Transfer,TMT,Primary (KBank),50000,Thai Baht,THB,Saving Account (ME),50000,Thai Baht,THB,29271.87,Thai Baht,THB,,,,,,,
103,2 Jun 2020 19:41:53,2,Expense,TEP,Wallet,696,Thai Baht,THB,,0,Unknown,UKN,304,Thai Baht,THB,Food,Dinner,Food: Dinner,,,,
104,2 Jun 2020 19:42:27,2,Expense,TEP,Wallet,4,Thai Baht,THB,,0,Unknown,UKN,300,Thai Baht,THB,Gift,Just for fun,Gift: Just for fun,,Natcha,,
105,2 Jun 2020 19:45:56,5,Money Transfer,TMT,Primary (KBank),500,Thai Baht,THB,Wallet,500,Thai Baht,THB,28771.87,Thai Baht,THB,,,,,,,
106,5 Jun 2020 22:06:08,5,Money Transfer,TMT,Wallet,780,Thai Baht,THB,Primary (KBank),780,Thai Baht,THB,20,Thai Baht,THB,,,,,,,
107,9 Jun 2020 10:00:33,2,Expense,TEP,Wisdom (KBank),99,Thai Baht,THB,,0,Unknown,UKN,1010839,Thai Baht,THB,Digital Shopping,Services,Digital Shopping: Services,Apple iCloud storage  Auto-generated transaction,Apple,,
108,13 Jun 2020 13:07:51,2,Expense,TEP,World Mastercard (KTC),770,Thai Baht,THB,,0,Unknown,UKN,119230,Thai Baht,THB,Food,Lunch,Food: Lunch,,MK,,
109,13 Jun 2020 15:54:06,3,Income,TIN,Primary (KBank),220,Thai Baht,THB,,0,Unknown,UKN,29771.87,Thai Baht,THB,Gifts,,Gifts,iPad,Natcha,,
110,18 Jun 2020 00:29:42,1,Opening Balance,TOB,Lazada (CITI),0,Thai Baht,THB,,0,Unknown,UKN,200000,Thai Baht,THB,,,,,,,
111,18 Jun 2020 00:29:52,2,Expense,TEP,Lazada (CITI),2680.59,Thai Baht,THB,,0,Unknown,UKN,197319.41,Thai Baht,THB,Physical Shopping,Accessories,Physical Shopping: Accessories,,Lazada,,
112,18 Jun 2020 00:30:48,2,Expense,TEP,Lazada (CITI),330.65,Thai Baht,THB,,0,Unknown,UKN,196988.76,Thai Baht,THB,Food,Snacks,Food: Snacks,,Lazada,,
113,19 Jun 2020 00:18:34,3,Income,TIN,Primary (KBank),95.94,Thai Baht,THB,,0,Unknown,UKN,29867.81,Thai Baht,THB,Interest,,Interest,,,,
114,20 Jun 2020 10:00:30,2,Expense,TEP,Wisdom (KBank),2690,Thai Baht,THB,,0,Unknown,UKN,1008149,Thai Baht,THB,Physical Shopping,Watch,Physical Shopping: Watch,Auto-generated transaction,,,
115,20 Jun 2020 10:00:55,2,Expense,TEP,Wisdom (KBank),517.65,Thai Baht,THB,,0,Unknown,UKN,1007631.35,Thai Baht,THB,Household,Home Appliances,Household: Home Appliances,Xiaomi Air purifier 3H  Auto-generated transaction,Lazada,,
116,20 Jun 2020 15:25:52,2,Expense,TEP,World Mastercard (KTC),237,Thai Baht,THB,,0,Unknown,UKN,118993,Thai Baht,THB,Household,Home Supplies,Household: Home Supplies,,Watsons,,Couple
117,20 Jun 2020 18:25:05,2,Expense,TEP,Wisdom (KBank),1080,Thai Baht,THB,,0,Unknown,UKN,1006551.35,Thai Baht,THB,Transportation,Train,Transportation: Train,,BTS,,
118,21 Jun 2020 18:12:46,5,Money Transfer,TMT,Primary (KBank),900,Thai Baht,THB,Wallet,900,Thai Baht,THB,28967.81,Thai Baht,THB,,,,,,,
119,21 Jun 2020 18:15:55,2,Expense,TEP,Wallet,465,Thai Baht,THB,,0,Unknown,UKN,455,Thai Baht,THB,Food,Dinner,Food: Dinner,,,,
120,21 Jun 2020 18:16:19,2,Expense,TEP,Wallet,15,Thai Baht,THB,,0,Unknown,UKN,440,Thai Baht,THB,Gift,Just for fun,Gift: Just for fun,,Natcha,,
121,21 Jun 2020 18:52:29,2,Expense,TEP,World Mastercard (KTC),211,Thai Baht,THB,,0,Unknown,UKN,118782,Thai Baht,THB,Food,Snacks,Food: Snacks,,VillaMarket,,Couple
122,21 Jun 2020 19:41:18,2,Expense,TEP,World Mastercard (KTC),270,Thai Baht,THB,,0,Unknown,UKN,118512,Thai Baht,THB,Household,Home Supplies,Household: Home Supplies,,Watsons,,Couple
123,22 Jun 2020 12:01:43,3,Income,TIN,Primary (KBank),18000,Thai Baht,THB,,0,Unknown,UKN,46967.81,Thai Baht,THB,Sell,,Sell,,,,
124,23 Jun 2020 09:31:19,2,Expense,TEP,Wisdom (KBank),1386.72,Thai Baht,THB,,0,Unknown,UKN,1005164.63,Thai Baht,THB,Utilities,Phones,Utilities: Phones,,Dtac,,
125,24 Jun 2020 12:49:05,2,Expense,TEP,Primary (KBank),69,Thai Baht,THB,,0,Unknown,UKN,46898.81,Thai Baht,THB,Physical Shopping,Accessories,Physical Shopping: Accessories,ที่ใส่บัตร,Shopee,,
126,26 Jun 2020 20:50:51,2,Expense,TEP,True wallet,32,Thai Baht,THB,,0,Unknown,UKN,69.5,Thai Baht,THB,Food,Snacks,Food: Snacks,,7-11,,
127,27 Jun 2020 10:46:29,3,Income,TIN,Primary (KBank),4.84,Thai Baht,THB,,0,Unknown,UKN,46903.65,Thai Baht,THB,Interest,,Interest,,,,
128,27 Jun 2020 10:46:51,3,Income,TIN,Primary (KBank),49.53,Thai Baht,THB,,0,Unknown,UKN,46953.18,Thai Baht,THB,Interest,,Interest,,,,
129,27 Jun 2020 14:56:10,2,Expense,TEP,Wallet,169,Thai Baht,THB,,0,Unknown,UKN,271,Thai Baht,THB,Food,Dinner,Food: Dinner,,McDonalds,,
130,27 Jun 2020 14:56:47,2,Expense,TEP,Wallet,11,Thai Baht,THB,,0,Unknown,UKN,260,Thai Baht,THB,Gift,Just for fun,Gift: Just for fun,,Natcha,,
131,29 Jun 2020 01:23:08,3,Income,TIN,Primary (KBank),45355.42,Thai Baht,THB,,0,Unknown,UKN,92308.6,Thai Baht,THB,Salary,,Salary,,,,
132,29 Jun 2020 22:42:33,2,Expense,TEP,Wisdom (KBank),309,Thai Baht,THB,,0,Unknown,UKN,1004855.63,Thai Baht,THB,Digital Shopping,Application,Digital Shopping: Application,Airmail,Apple,,
133,30 Jun 2020 10:00:33,5,Money Transfer,TMT,Primary (KBank),3368.65,Thai Baht,THB,Wisdom (KBank),3368.65,Thai Baht,THB,88939.95,Thai Baht,THB,,,,,,,
134,30 Jun 2020 14:03:14,3,Income,TIN,World Mastercard (KTC),770,Thai Baht,THB,,0,Unknown,UKN,119282,Thai Baht,THB,Reimbursement,,Reimbursement,MK,Natcha,,
135,1 Jul 2020 00:00:25,3,Income,TIN,Saving Account (ME),6231.13,Thai Baht,THB,,0,Unknown,UKN,1114437.19,Thai Baht,THB,Interest,,Interest,ดอกเบี้ยเงินฝาก,,,
136,1 Jul 2020 09:00:31,2,Expense,TEP,Primary (KBank),2390,Thai Baht,THB,,0,Unknown,UKN,86549.95,Thai Baht,THB,Gift,Birthday,Gift: Birthday,iPhone 11  Auto-generated transaction,Rungnapa,,
137,1 Jul 2020 10:00:13,2,Expense,TEP,Primary (KBank),1000,Thai Baht,THB,,0,Unknown,UKN,85549.95,Thai Baht,THB,Gift,Just for fun,Gift: Just for fun,For daily spending  Auto-generated transaction,,,Couple
138,1 Jul 2020 10:00:38,2,Expense,TEP,Primary (KBank),2000,Thai Baht,THB,,0,Unknown,UKN,83549.95,Thai Baht,THB,Gift,Just for fun,Gift: Just for fun,For travel together  Auto-generated transaction,,,Couple
139,3 Jul 2020 14:36:20,2,Expense,TEP,Wisdom (KBank),29,Thai Baht,THB,,0,Unknown,UKN,1008195.28,Thai Baht,THB,Digital Shopping,Game,Digital Shopping: Game,Pocket City,Apple,,
140,4 Jul 2020 14:41:13,2,Expense,TEP,Wallet,20,Thai Baht,THB,,0,Unknown,UKN,240,Thai Baht,THB,Food,Dinner,Food: Dinner,,MK,,Couple
141,5 Jul 2020 15:45:53,5,Money Transfer,TMT,Primary (KBank),700,Thai Baht,THB,Wallet,700,Thai Baht,THB,82849.95,Thai Baht,THB,,,,,,,
142,5 Jul 2020 16:14:53,2,Expense,TEP,Wallet,40,Thai Baht,THB,,0,Unknown,UKN,900,Thai Baht,THB,Food,Snacks,Food: Snacks,Crepe,,,
143,5 Jul 2020 17:27:22,2,Expense,TEP,Primary (KBank),2100,Thai Baht,THB,,0,Unknown,UKN,80749.95,Thai Baht,THB,Physical Shopping,Clothing,Physical Shopping: Clothing,Jean at hipster,Union Mall,,
144,7 Jul 2020 19:55:22,2,Expense,TEP,True wallet,65,Thai Baht,THB,,0,Unknown,UKN,4.5,Thai Baht,THB,Food,Dinner Food,Food: Dinner Food: Snacks,,7-11,,
145,8 Jul 2020 11:34:53,2,Expense,TEP,Primary (KBank),919.88,Thai Baht,THB,,0,Unknown,UKN,79830.07,Thai Baht,THB,Food,Groceries,Food: Groceries,Salmon,,,
146,9 Jul 2020 10:00:33,2,Expense,TEP,Wisdom (KBank),99,Thai Baht,THB,,0,Unknown,UKN,1008096.28,Thai Baht,THB,Digital Shopping,Services,Digital Shopping: Services,Apple iCloud storage  Auto-generated transaction,Apple,,
147,9 Jul 2020 10:42:00,3,Income,TIN,Primary (KBank),1000,Thai Baht,THB,,0,Unknown,UKN,80830.07,Thai Baht,THB,Reimbursement,,Reimbursement,Salmon,Rungnapa,,
148,12 Jul 2020 10:17:00,5,Money Transfer,TMT,Primary (KBank),100,Thai Baht,THB,Wallet,100,Thai Baht,THB,80730.07,Thai Baht,THB,,,,,,,
149,14 Jul 2020 14:06:27,2,Expense,TEP,Wisdom (KBank),74,Thai Baht,THB,,0,Unknown,UKN,1008022.28,Thai Baht,THB,Food,Lunch,Food: Lunch,,CentralWorldFood,,
150,14 Jul 2020 20:35:04,2,Expense,TEP,Primary (KBank),500,Thai Baht,THB,,0,Unknown,UKN,80230.07,Thai Baht,THB,Food,Dinner,Food: Dinner,น้อง google aholic,Natcha,,
151,14 Jul 2020 21:42:06,2,Expense,TEP,Wallet,280,Thai Baht,THB,,0,Unknown,UKN,720,Thai Baht,THB,Food,Snacks,Food: Snacks,น้อง googleaholic,Googleaholic,,
152,14 Jul 2020 21:49:43,3,Income,TIN,Primary (KBank),255,Thai Baht,THB,,0,Unknown,UKN,80485.07,Thai Baht,THB,Reimbursement,,Reimbursement,,,,
153,16 Jul 2020 07:38:48,2,Expense,TEP,Wisdom (KBank),9,Thai Baht,THB,,0,Unknown,UKN,1008013.28,Thai Baht,THB,Digital Shopping,Game,Digital Shopping: Game,,Apple,,
154,16 Jul 2020 07:38:59,2,Expense,TEP,Wisdom (KBank),29,Thai Baht,THB,,0,Unknown,UKN,1007984.28,Thai Baht,THB,Digital Shopping,Game,Digital Shopping: Game,,Apple,,
155,16 Jul 2020 15:41:25,2,Expense,TEP,Primary (KBank),600,Thai Baht,THB,,0,Unknown,UKN,79885.07,Thai Baht,THB,Food,Lunch,Food: Lunch,,BonChon,,
156,17 Jul 2020 19:00:13,5,Money Transfer,TMT,Primary (KBank),100,Thai Baht,THB,True wallet,100,Thai Baht,THB,79785.07,Thai Baht,THB,,,,,,,
157,17 Jul 2020 19:00:25,2,Expense,TEP,True wallet,13,Thai Baht,THB,,0,Unknown,UKN,91.5,Thai Baht,THB,Food,Dinner,Food: Dinner,,BluePay,,
158,20 Jul 2020 09:00:08,2,Expense,TEP,Wisdom (KBank),2690,Thai Baht,THB,,0,Unknown,UKN,1005294.28,Thai Baht,THB,Physical Shopping,Watch,Physical Shopping: Watch,Auto-generated transaction,,,
159,20 Jul 2020 09:00:14,2,Expense,TEP,Wisdom (KBank),2792.67,Thai Baht,THB,,0,Unknown,UKN,1002501.61,Thai Baht,THB,Physical Shopping,Mobile,Physical Shopping: Mobile,ค่า iPad,Natcha,,
160,20 Jul 2020 20:06:58,1,Opening Balance,TOB,Line Wallet,10,Thai Baht,THB,,0,Unknown,UKN,10,Thai Baht,THB,,,,,,,
161,20 Jul 2020 20:07:30,1,Opening Balance,TOB,BluePay Wallet,0,Thai Baht,THB,,0,Unknown,UKN,0,Thai Baht,THB,,,,,,,
162,20 Jul 2020 20:09:55,5,Money Transfer,TMT,Primary (KBank),1300,Thai Baht,THB,Line Wallet,1300,Thai Baht,THB,78485.07,Thai Baht,THB,,,,,,,
163,20 Jul 2020 20:10:44,2,Expense,TEP,Line Wallet,1080,Thai Baht,THB,,0,Unknown,UKN,230,Thai Baht,THB,Transportation,Train,Transportation: Train,,BTS,,
164,20 Jul 2020 20:11:37,5,Money Transfer,TMT,Primary (KBank),1165.78,Thai Baht,THB,BluePay Wallet,1165.78,Thai Baht,THB,77319.29,Thai Baht,THB,,,,,,,
165,20 Jul 2020 20:12:04,2,Expense,TEP,BluePay Wallet,855.78,Thai Baht,THB,,0,Unknown,UKN,310,Thai Baht,THB,Utilities,Phones,Utilities: Phones,,Dtac,,
166,21 Jul 2020 09:15:14,5,Money Transfer,TMT,Primary (KBank),3011.24,Thai Baht,THB,Lazada (CITI),3011.24,Thai Baht,THB,74308.05,Thai Baht,THB,,,,,,,
167,21 Jul 2020 11:53:50,2,Expense,TEP,Wisdom (KBank),89,Thai Baht,THB,,0,Unknown,UKN,1002412.61,Thai Baht,THB,Digital Shopping,Game,Digital Shopping: Game,,Apple,,
168,21 Jul 2020 12:03:21,3,Income,TIN,Primary (KBank),692.8,Thai Baht,THB,,0,Unknown,UKN,75000.85,Thai Baht,THB,Interest,,Interest,,,,
169,21 Jul 2020 12:09:42,5,Money Transfer,TMT,Primary (KBank),718,Thai Baht,THB,World Mastercard (KTC),718,Thai Baht,THB,74282.85,Thai Baht,THB,,,,,,,
170,21 Jul 2020 12:11:59,3,Income,TIN,Primary (KBank),19096.24,Thai Baht,THB,,0,Unknown,UKN,93379.09,Thai Baht,THB,Other,,Other,All prang loan,Natcha,,
171,21 Jul 2020 12:13:24,5,Money Transfer,TMT,Primary (KBank),63379.09,Thai Baht,THB,Saving Account (ME),63379.09,Thai Baht,THB,30000,Thai Baht,THB,,,,,,,
172,21 Jul 2020 12:25:44,5,Money Transfer,TMT,Primary (KBank),14491.72,Thai Baht,THB,Wisdom (KBank),14491.72,Thai Baht,THB,15508.28,Thai Baht,THB,,,,,,,
173,22 Jul 2020 10:17:25,5,Money Transfer,TMT,Primary (KBank),10000,Thai Baht,THB,Fund,10000,Thai Baht,THB,5508.28,Thai Baht,THB,,,,,,,
174,22 Jul 2020 10:17:56,3,Income,TIN,Primary (KBank),504.78,Thai Baht,THB,,0,Unknown,UKN,6013.06,Thai Baht,THB,Interest,,Interest,Krungsri,,,
175,23 Jul 2020 21:00:08,2,Expense,TEP,Wisdom (KBank),1237,Thai Baht,THB,,0,Unknown,UKN,1015667.33,Thai Baht,THB,Food,Dinner,Food: Dinner,,,,
176,24 Jul 2020 12:26:42,2,Expense,TEP,Wisdom (KBank),453.4,Thai Baht,THB,,0,Unknown,UKN,1015213.93,Thai Baht,THB,Physical Shopping,Accessories,Physical Shopping: Accessories,Switch Docker,Lazada,,
177,25 Jul 2020 15:57:40,2,Expense,TEP,Wallet,260,Thai Baht,THB,,0,Unknown,UKN,460,Thai Baht,THB,Food,Lunch,Food: Lunch,,,,
178,25 Jul 2020 20:33:50,1,Opening Balance,TOB,Saving Account (Kept),0,Thai Baht,THB,,0,Unknown,UKN,0,Thai Baht,THB,,,,,,,
179,25 Jul 2020 20:34:35,5,Money Transfer,TMT,Saving Account (ME),150000,Thai Baht,THB,Saving Account (Kept),150000,Thai Baht,THB,1027816.28,Thai Baht,THB,,,,,,,
180,25 Jul 2020 22:03:59,3,Income,TIN,Saving Account (Kept),50,Thai Baht,THB,,0,Unknown,UKN,150050,Thai Baht,THB,Gifts,,Gifts,,Kept,,
181,25 Jul 2020 22:31:16,2,Expense,TEP,True wallet,91.5,Thai Baht,THB,,0,Unknown,UKN,0,Thai Baht,THB,Food,Groceries,Food: Groceries,,7-11,,
182,26 Jul 2020 15:21:38,5,Money Transfer,TMT,Primary (KBank),900,Thai Baht,THB,Wallet,900,Thai Baht,THB,5113.06,Thai Baht,THB,,,,,,,
183,26 Jul 2020 15:28:32,2,Expense,TEP,Wallet,520,Thai Baht,THB,,0,Unknown,UKN,840,Thai Baht,THB,Food,Dinner,Food: Dinner,,,,
184,28 Jul 2020 00:07:12,3,Income,TIN,Saving Account (Kept),13.16,Thai Baht,THB,,0,Unknown,UKN,150063.16,Thai Baht,THB,Interest,,Interest,,,,
185,30 Jul 2020 00:46:46,2,Expense,TEP,Wisdom (KBank),147,Thai Baht,THB,,0,Unknown,UKN,1015066.93,Thai Baht,THB,Digital Shopping,Game Digital Shopping,Digital Shopping: Game Digital Shopping: Game Digital Shopping: Game,,,,
186,30 Jul 2020 01:33:50,3,Income,TIN,Primary (KBank),45355.42,Thai Baht,THB,,0,Unknown,UKN,50468.48,Thai Baht,THB,Salary,,Salary,,Agoda,,
187,31 Jul 2020 11:14:34,2,Expense,TEP,Wisdom (KBank),3809.56,Thai Baht,THB,,0,Unknown,UKN,1011257.37,Thai Baht,THB,Traveling,Accommodation,Traveling: Accommodation,For mum,Rungnapa,,
188,1 Aug 2020 09:00:31,2,Expense,TEP,Primary (KBank),2390,Thai Baht,THB,,0,Unknown,UKN,48078.48,Thai Baht,THB,Gift,Birthday,Gift: Birthday,iPhone 11  Auto-generated transaction,Rungnapa,,
189,1 Aug 2020 10:00:12,1,Opening Balance,TOB,Traveling (KcNt),27977.69,Thai Baht,THB,,0,Unknown,UKN,27977.69,Thai Baht,THB,,,,,,,
190,1 Aug 2020 10:00:13,5,Money Transfer,TMT,Primary (KBank),1000,Thai Baht,THB,Traveling (KcNt),1000,Thai Baht,THB,47078.48,Thai Baht,THB,,,,For daily spending  Auto-generated transaction,,,Couple
191,1 Aug 2020 10:00:38,5,Money Transfer,TMT,Primary (KBank),2000,Thai Baht,THB,Traveling (KcNt),2000,Thai Baht,THB,45078.48,Thai Baht,THB,,,,For travel together  Auto-generated transaction,,,Couple
192,1 Aug 2020 17:22:20,3,Income,TIN,Wisdom (KBank),2740.47,Thai Baht,THB,,0,Unknown,UKN,1013997.84,Thai Baht,THB,Reimbursement,,Reimbursement,iPad,Natcha,,
193,1 Aug 2020 19:07:18,2,Expense,TEP,Wallet,20,Thai Baht,THB,,0,Unknown,UKN,820,Thai Baht,THB,Transportation,Underground,Transportation: Underground,,,,
194,1 Aug 2020 19:07:31,2,Expense,TEP,Wisdom (KBank),597,Thai Baht,THB,,0,Unknown,UKN,1013400.84,Thai Baht,THB,Food,Dinner,Food: Dinner,,,,
195,1 Aug 2020 19:07:49,2,Expense,TEP,World Mastercard (KTC),128,Thai Baht,THB,,0,Unknown,UKN,119872,Thai Baht,THB,Household,Home Supplies,Household: Home Supplies,,,,
196,2 Aug 2020 10:15:38,3,Income,TIN,Wisdom (KBank),3810,Thai Baht,THB,,0,Unknown,UKN,1017210.84,Thai Baht,THB,Reimbursement,,Reimbursement,Return from accommodation,Rungnapa,,
197,2 Aug 2020 14:01:15,1,Opening Balance,TOB,Spend (KcNt),6827.89,Thai Baht,THB,,0,Unknown,UKN,6827.89,Thai Baht,THB,,,,,,,
198,2 Aug 2020 14:06:08,5,Money Transfer,TMT,Spend (KcNt),597,Thai Baht,THB,Wisdom (KBank),597,Thai Baht,THB,6230.89,Thai Baht,THB,,,,,,,
199,2 Aug 2020 15:36:02,2,Expense,TEP,Wisdom (KBank),777,Thai Baht,THB,,0,Unknown,UKN,1017030.84,Thai Baht,THB,Food,Dinner,Food: Dinner,,,,
200,4 Aug 2020 21:43:42,2,Expense,TEP,Primary (KBank),783,Thai Baht,THB,,0,Unknown,UKN,44295.48,Thai Baht,THB,Food,Dinner,Food: Dinner,,,,
201,7 Aug 2020 21:36:07,5,Money Transfer,TMT,Primary (KBank),100,Thai Baht,THB,True wallet,100,Thai Baht,THB,44195.48,Thai Baht,THB,,,,,,,
202,7 Aug 2020 22:24:49,2,Expense,TEP,True wallet,158,Thai Baht,THB,,0,Unknown,UKN,-58,Thai Baht,THB,Food,Groceries,Food: Groceries,,7-11,,
203,7 Aug 2020 22:59:57,5,Money Transfer,TMT,Primary (KBank),100,Thai Baht,THB,True wallet,100,Thai Baht,THB,44095.48,Thai Baht,THB,,,,,,,
204,8 Aug 2020 17:10:32,2,Expense,TEP,Wallet,100,Thai Baht,THB,,0,Unknown,UKN,720,Thai Baht,THB,Food,Lunch,Food: Lunch,,,,
205,9 Aug 2020 10:00:33,2,Expense,TEP,Wisdom (KBank),99,Thai Baht,THB,,0,Unknown,UKN,1016931.84,Thai Baht,THB,Digital Shopping,Services,Digital Shopping: Services,Apple iCloud storage  Auto-generated transaction,Apple,,
206,9 Aug 2020 19:15:10,2,Expense,TEP,Spend (KcNt),300,Thai Baht,THB,,0,Unknown,UKN,5930.89,Thai Baht,THB,Food,Dinner,Food: Dinner,,Natcha,,
207,11 Aug 2020 20:20:01,2,Expense,TEP,Wallet,100,Thai Baht,THB,,0,Unknown,UKN,620,Thai Baht,THB,Food,Dinner,Food: Dinner,,Natcha,,
208,11 Aug 2020 21:11:26,4,Balance Adjustment,TBJ,Wallet,-140,Thai Baht,THB,,0,Unknown,UKN,480,Thai Baht,THB,,,,,,,
209,11 Aug 2020 21:22:09,5,Money Transfer,TMT,Spend (KcNt),700,Thai Baht,THB,Primary (KBank),700,Thai Baht,THB,5230.89,Thai Baht,THB,,,,,,,
210,11 Aug 2020 21:22:23,5,Money Transfer,TMT,Primary (KBank),900,Thai Baht,THB,Wallet,900,Thai Baht,THB,43895.48,Thai Baht,THB,,,,,,,
211,11 Aug 2020 21:25:19,2,Expense,TEP,Wallet,500,Thai Baht,THB,,0,Unknown,UKN,880,Thai Baht,THB,Food,Dinner,Food: Dinner,,MK,,
212,12 Aug 2020 09:46:43,2,Expense,TEP,Primary (KBank),650,Thai Baht,THB,,0,Unknown,UKN,43245.48,Thai Baht,THB,Entertainment,E-Book,Entertainment: E-Book,,,,
213,12 Aug 2020 13:09:26,3,Income,TIN,Primary (KBank),0.1,Thai Baht,THB,,0,Unknown,UKN,43245.58,Thai Baht,THB,Interest,,Interest,,,,
214,12 Aug 2020 13:11:16,5,Money Transfer,TMT,Primary (KBank),128,Thai Baht,THB,World Mastercard (KTC),128,Thai Baht,THB,43117.58,Thai Baht,THB,,,,,,,
215,12 Aug 2020 14:43:20,2,Expense,TEP,Wallet,760,Thai Baht,THB,,0,Unknown,UKN,120,Thai Baht,THB,Food,Lunch Gift,Food: Lunch Gift: Just for fun,,Aka,,
216,15 Aug 2020 07:32:35,5,Money Transfer,TMT,Primary (KBank),30000,Thai Baht,THB,Saving Account (Kept),30000,Thai Baht,THB,13117.58,Thai Baht,THB,,,,,,,
217,15 Aug 2020 10:39:45,2,Expense,TEP,Wisdom (KBank),1.4,Thai Baht,THB,,0,Unknown,UKN,1016930.44,Thai Baht,THB,Physical Shopping,Accessories,Physical Shopping: Accessories,,,,
218,15 Aug 2020 13:25:10,5,Money Transfer,TMT,Primary (KBank),1900,Thai Baht,THB,Wallet,1900,Thai Baht,THB,11217.58,Thai Baht,THB,,,,,,,
219,15 Aug 2020 13:27:24,2,Expense,TEP,Wallet,600,Thai Baht,THB,,0,Unknown,UKN,1420,Thai Baht,THB,Food,Lunch Gift,Food: Lunch Gift: Just for fun,,Evaime,,
220,17 Aug 2020 17:00:29,2,Expense,TEP,World Mastercard (KTC),5000,Thai Baht,THB,,0,Unknown,UKN,115000,Thai Baht,THB,Transportation,Airplane,Transportation: Airplane,,Phuket,,Travel
221,17 Aug 2020 18:06:05,2,Expense,TEP,World Mastercard (KTC),6238.81,Thai Baht,THB,,0,Unknown,UKN,108761.19,Thai Baht,THB,Traveling,Accommodation,Traveling: Accommodation,,Phuket,,Travel
222,20 Aug 2020 09:00:08,2,Expense,TEP,Wisdom (KBank),2690,Thai Baht,THB,,0,Unknown,UKN,1014240.44,Thai Baht,THB,Physical Shopping,Watch,Physical Shopping: Watch,Auto-generated transaction,,,
223,20 Aug 2020 09:00:14,2,Expense,TEP,Wisdom (KBank),2792.67,Thai Baht,THB,,0,Unknown,UKN,1011447.77,Thai Baht,THB,Physical Shopping,Mobile,Physical Shopping: Mobile,ค่า iPad  Auto-generated transaction,Natcha,,
224,20 Aug 2020 10:14:24,2,Expense,TEP,Wisdom (KBank),44,Thai Baht,THB,,0,Unknown,UKN,1011403.77,Thai Baht,THB,Transportation,Train,Transportation: Train,,,,
225,20 Aug 2020 19:51:07,2,Expense,TEP,World Mastercard (KTC),433,Thai Baht,THB,,0,Unknown,UKN,108328.19,Thai Baht,THB,Food,Dinner,Food: Dinner,,BonChon,,
226,20 Aug 2020 19:51:44,5,Money Transfer,TMT,Primary (KBank),495,Thai Baht,THB,Line Wallet,495,Thai Baht,THB,10722.58,Thai Baht,THB,,,,,,,
227,20 Aug 2020 19:52:05,2,Expense,TEP,Line Wallet,725,Thai Baht,THB,,0,Unknown,UKN,0,Thai Baht,THB,Transportation,Train,Transportation: Train,,,,
228,22 Aug 2020 21:11:02,2,Expense,TEP,Wallet,620,Thai Baht,THB,,0,Unknown,UKN,800,Thai Baht,THB,Food,Dinner,Food: Dinner,,,,
229,23 Aug 2020 17:48:46,2,Expense,TEP,Wisdom (KBank),29,Thai Baht,THB,,0,Unknown,UKN,1011374.77,Thai Baht,THB,Digital Shopping,Application,Digital Shopping: Application,,,,
230,26 Aug 2020 19:06:34,5,Money Transfer,TMT,Traveling (KcNt),11238.81,Thai Baht,THB,World Mastercard (KTC),11238.81,Thai Baht,THB,19738.88,Thai Baht,THB,,,,,Phuket,,Travel
231,28 Aug 2020 00:02:47,3,Income,TIN,Saving Account (Kept),219.69,Thai Baht,THB,,0,Unknown,UKN,180282.85,Thai Baht,THB,Interest,,Interest,,,,
232,28 Aug 2020 01:26:49,3,Income,TIN,Primary (KBank),45355.42,Thai Baht,THB,,0,Unknown,UKN,56078,Thai Baht,THB,Salary,,Salary,,Agoda,,
233,29 Aug 2020 08:55:44,2,Expense,TEP,Wallet,90,Thai Baht,THB,,0,Unknown,UKN,710,Thai Baht,THB,Transportation,Train,Transportation: Train,,Phuket,,Travel
234,29 Aug 2020 13:29:36,2,Expense,TEP,Wallet,20,Thai Baht,THB,,0,Unknown,UKN,690,Thai Baht,THB,Food,Snacks,Food: Snacks,ขนมไทย,Phuket,,Travel
235,29 Aug 2020 13:42:01,2,Expense,TEP,Traveling (KcNt),860,Thai Baht,THB,,0,Unknown,UKN,18878.88,Thai Baht,THB,Food,Lunch,Food: Lunch,ตู้กับข้าว,Phuket,,Travel
236,29 Aug 2020 17:29:09,2,Expense,TEP,Wallet,140,Thai Baht,THB,,0,Unknown,UKN,550,Thai Baht,THB,Physical Shopping,Personal care,Physical Shopping: Personal care,Bath boob,Phuket,,Travel
237,29 Aug 2020 18:24:03,5,Money Transfer,TMT,Primary (KBank),200,Thai Baht,THB,True wallet,200,Thai Baht,THB,55878,Thai Baht,THB,,,,,,,
238,29 Aug 2020 18:31:14,2,Expense,TEP,True wallet,168,Thai Baht,THB,,0,Unknown,UKN,74,Thai Baht,THB,Food,Snacks,Food: Snacks,7-11,Phuket,,Travel
239,29 Aug 2020 18:36:45,2,Expense,TEP,Wallet,90,Thai Baht,THB,,0,Unknown,UKN,460,Thai Baht,THB,Drinks,Alcohol & Beer,Drinks: Alcohol & Beer,,Phuket,,Travel
240,29 Aug 2020 20:51:01,2,Expense,TEP,Traveling (KcNt),501.4,Thai Baht,THB,,0,Unknown,UKN,18377.48,Thai Baht,THB,Food,Dinner,Food: Dinner,,Phuket,,Travel
241,30 Aug 2020 12:58:24,2,Expense,TEP,World Mastercard (KTC),304.5,Thai Baht,THB,,0,Unknown,UKN,119262.5,Thai Baht,THB,Physical Shopping,Personal care,Physical Shopping: Personal care,ครีม,Phuket,,Travel
242,30 Aug 2020 14:45:03,2,Expense,TEP,Traveling (KcNt),510,Thai Baht,THB,,0,Unknown,UKN,17867.48,Thai Baht,THB,Food,Lunch,Food: Lunch,,Phuket,,Travel
243,31 Aug 2020 12:05:02,5,Money Transfer,TMT,Traveling (KcNt),1900,Thai Baht,THB,Wallet,1900,Thai Baht,THB,15967.48,Thai Baht,THB,,,,,Phuket,,Travel
244,31 Aug 2020 12:31:09,2,Expense,TEP,World Mastercard (KTC),294.25,Thai Baht,THB,,0,Unknown,UKN,118968.25,Thai Baht,THB,Drinks,Alcohol & Beer,Drinks: Alcohol & Beer,,Phuket,,Travel
245,31 Aug 2020 15:38:23,2,Expense,TEP,Traveling (KcNt),474,Thai Baht,THB,,0,Unknown,UKN,15493.48,Thai Baht,THB,Food,Lunch,Food: Lunch,ลุงทวย,Phuket,,Travel
246,31 Aug 2020 15:45:29,2,Expense,TEP,Wallet,370,Thai Baht,THB,,0,Unknown,UKN,1990,Thai Baht,THB,Food,Lunch,Food: Lunch,,Phuket,,Travel
247,31 Aug 2020 17:24:38,2,Expense,TEP,True wallet,25,Thai Baht,THB,,0,Unknown,UKN,49,Thai Baht,THB,Food,Snacks,Food: Snacks,,7-11,,
248,31 Aug 2020 18:00:58,2,Expense,TEP,Traveling (KcNt),378.3,Thai Baht,THB,,0,Unknown,UKN,15115.18,Thai Baht,THB,Car,Fuel,Car: Fuel,,Phuket,,Travel
249,31 Aug 2020 19:44:18,2,Expense,TEP,Wallet,188,Thai Baht,THB,,0,Unknown,UKN,1802,Thai Baht,THB,Food,Dinner,Food: Dinner,,Phuket,,Travel
250,31 Aug 2020 21:55:12,2,Expense,TEP,Wallet,90,Thai Baht,THB,,0,Unknown,UKN,1712,Thai Baht,THB,Transportation,Train,Transportation: Train,,Phuket,,Travel
251,31 Aug 2020 23:59:16,5,Money Transfer,TMT,Wallet,32,Thai Baht,THB,Traveling (KcNt),32,Thai Baht,THB,1680,Thai Baht,THB,,,,,Phuket,,Travel
252,1 Sep 2020 09:00:31,2,Expense,TEP,Primary (KBank),2390,Thai Baht,THB,,0,Unknown,UKN,53488,Thai Baht,THB,Gift,Birthday,Gift: Birthday,iPhone 11  Auto-generated transaction,Rungnapa,,
253,1 Sep 2020 10:00:13,5,Money Transfer,TMT,Primary (KBank),1000,Thai Baht,THB,Spend (KcNt),1000,Thai Baht,THB,52488,Thai Baht,THB,,,,For daily spending  Auto-generated transaction,,,Couple
254,1 Sep 2020 10:00:38,5,Money Transfer,TMT,Primary (KBank),2000,Thai Baht,THB,Traveling (KcNt),2000,Thai Baht,THB,50488,Thai Baht,THB,,,,For travel together  Auto-generated transaction,,,Couple
255,1 Sep 2020 19:54:16,2,Expense,TEP,Wallet,650,Thai Baht,THB,,0,Unknown,UKN,1030,Thai Baht,THB,Food,Dinner Gift,Food: Dinner Gift: Just for fun,,MK,,
256,2 Sep 2020 15:38:55,5,Money Transfer,TMT,Primary (KBank),35000,Thai Baht,THB,Saving Account (Kept),35000,Thai Baht,THB,15488,Thai Baht,THB,,,,,,,
257,2 Sep 2020 16:05:25,5,Money Transfer,TMT,Saving Account (ME),0.15,Thai Baht,THB,Saving Account (Kept),0.15,Thai Baht,THB,1027816.13,Thai Baht,THB,,,,,,,
258,2 Sep 2020 16:07:42,2,Expense,TEP,Primary (KBank),2041.9,Thai Baht,THB,,0,Unknown,UKN,13446.1,Thai Baht,THB,Digital Shopping,Application,Digital Shopping: Application,Alfred,,,
259,3 Sep 2020 18:09:57,3,Income,TIN,Traveling (KcNt),2000,Thai Baht,THB,,0,Unknown,UKN,19147.18,Thai Baht,THB,Gifts,,Gifts,,Natcha,,
260,3 Sep 2020 18:10:35,3,Income,TIN,Spend (KcNt),1000,Thai Baht,THB,,0,Unknown,UKN,7230.89,Thai Baht,THB,Gifts,,Gifts,,Natcha,,
261,4 Sep 2020 13:15:57,2,Expense,TEP,Wallet,600,Thai Baht,THB,,0,Unknown,UKN,430,Thai Baht,THB,Food,Dinner Gift,Food: Dinner Gift: Just for fun,,Dukii,,
262,6 Sep 2020 14:38:59,2,Expense,TEP,World Mastercard (KTC),1476,Thai Baht,THB,,0,Unknown,UKN,117492.25,Thai Baht,THB,Entertainment,Performance,Entertainment: Performance,Concert,Natcha,,
263,9 Sep 2020 00:05:25,2,Expense,TEP,World Mastercard (KTC),494.6,Thai Baht,THB,,0,Unknown,UKN,116997.65,Thai Baht,THB,Physical Shopping,Digital Accessory,Physical Shopping: Digital Accessory,Watch changer,Rungnapa,,
264,9 Sep 2020 00:41:34,2,Expense,TEP,Primary (KBank),1477.01,Thai Baht,THB,,0,Unknown,UKN,11969.09,Thai Baht,THB,Entertainment,Performance,Entertainment: Performance,Concert,Natcha,,
265,9 Sep 2020 10:00:33,2,Expense,TEP,Wisdom (KBank),99,Thai Baht,THB,,0,Unknown,UKN,1011275.77,Thai Baht,THB,Digital Shopping,Services,Digital Shopping: Services,Apple iCloud storage  Auto-generated transaction,Apple,,
266,9 Sep 2020 22:16:36,3,Income,TIN,Primary (KBank),650,Thai Baht,THB,,0,Unknown,UKN,12619.09,Thai Baht,THB,Sell,,Sell,Sell Ugreen Apple Watch Charger,Rungnapa,,
267,11 Sep 2020 16:24:52,3,Income,TIN,Wisdom (KBank),2740.47,Thai Baht,THB,,0,Unknown,UKN,1014016.24,Thai Baht,THB,Reimbursement,,Reimbursement,iPad return,Natcha,,
268,11 Sep 2020 20:10:40,2,Expense,TEP,World Mastercard (KTC),684.26,Thai Baht,THB,,0,Unknown,UKN,116313.39,Thai Baht,THB,Food,Dinner,Food: Dinner,,SpaghettiFactory,,
269,14 Sep 2020 19:11:29,2,Expense,TEP,World Mastercard (KTC),1080,Thai Baht,THB,,0,Unknown,UKN,115233.39,Thai Baht,THB,Transportation,Train,Transportation: Train,,BTS,,
270,15 Sep 2020 17:49:30,2,Expense,TEP,Primary (KBank),645,Thai Baht,THB,,0,Unknown,UKN,11974.09,Thai Baht,THB,Physical Shopping,Digital Accessory,Physical Shopping: Digital Accessory,Upgrade HDD to SSD of home computer,,,
271,15 Sep 2020 18:00:20,3,Income,TIN,Primary (KBank),0.28,Thai Baht,THB,,0,Unknown,UKN,11974.37,Thai Baht,THB,Reimbursement,,Reimbursement,,Rungnapa,,
272,17 Sep 2020 15:06:53,2,Expense,TEP,Wisdom (KBank),149,Thai Baht,THB,,0,Unknown,UKN,1013867.24,Thai Baht,THB,Digital Shopping,Application,Digital Shopping: Application,,Apple,,
273,17 Sep 2020 20:46:52,2,Expense,TEP,Spend (KcNt),593,Thai Baht,THB,,0,Unknown,UKN,6637.89,Thai Baht,THB,Food,Dinner Food,Food: Dinner Food: Dinner,,MK,,
274,17 Sep 2020 20:48:26,5,Money Transfer,TMT,Primary (KBank),600,Thai Baht,THB,Wallet,600,Thai Baht,THB,11374.37,Thai Baht,THB,,,,,,,
275,18 Sep 2020 13:43:55,5,Money Transfer,TMT,Primary (KBank),2801.62,Thai Baht,THB,BluePay Wallet,2801.62,Thai Baht,THB,8572.75,Thai Baht,THB,,,,,,,
276,18 Sep 2020 13:44:23,2,Expense,TEP,Primary (KBank),1449.18,Thai Baht,THB,,0,Unknown,UKN,7123.57,Thai Baht,THB,Entertainment,E-Book,Entertainment: E-Book,,MebMarket,,
277,18 Sep 2020 14:33:29,2,Expense,TEP,BluePay Wallet,3111.62,Thai Baht,THB,,0,Unknown,UKN,0,Thai Baht,THB,Utilities,Phones,Utilities: Phones,,Dtac,,
278,18 Sep 2020 20:50:17,2,Expense,TEP,Wallet,300,Thai Baht,THB,,0,Unknown,UKN,730,Thai Baht,THB,Food,Dinner Gift,Food: Dinner Gift: Just for fun,,,,
279,18 Sep 2020 21:51:44,2,Expense,TEP,True wallet,23,Thai Baht,THB,,0,Unknown,UKN,26,Thai Baht,THB,Food,Snacks,Food: Snacks,,7-11,,
280,19 Sep 2020 19:35:35,2,Expense,TEP,World Mastercard (KTC),760,Thai Baht,THB,,0,Unknown,UKN,114473.39,Thai Baht,THB,Food,Dinner,Food: Dinner,,BBQ Plaza,,
281,19 Sep 2020 19:36:05,2,Expense,TEP,World Mastercard (KTC),75,Thai Baht,THB,,0,Unknown,UKN,114398.39,Thai Baht,THB,Drinks,Tea,Drinks: Tea,,Hai,,
282,20 Sep 2020 09:00:14,2,Expense,TEP,Wisdom (KBank),2792.67,Thai Baht,THB,,0,Unknown,UKN,1011074.57,Thai Baht,THB,Physical Shopping,Mobile,Physical Shopping: Mobile,ค่า iPad  Auto-generated transaction,Natcha,,
283,20 Sep 2020 19:35:02,2,Expense,TEP,World Mastercard (KTC),618,Thai Baht,THB,,0,Unknown,UKN,113780.39,Thai Baht,THB,Food,Dinner,Food: Dinner,,Shinkanzen,,
284,21 Sep 2020 08:26:24,2,Expense,TEP,Wisdom (KBank),199,Thai Baht,THB,,0,Unknown,UKN,1010875.57,Thai Baht,THB,Digital Shopping,Application,Digital Shopping: Application,Calendar 5,Apple,,
285,21 Sep 2020 22:22:26,5,Money Transfer,TMT,Wallet,400,Thai Baht,THB,Primary (KBank),400,Thai Baht,THB,330,Thai Baht,THB,,,,,,,
286,23 Sep 2020 08:30:36,2,Expense,TEP,Wisdom (KBank),199,Thai Baht,THB,,0,Unknown,UKN,1010676.57,Thai Baht,THB,Digital Shopping,Game,Digital Shopping: Game,,Apple,,
287,23 Sep 2020 20:50:03,5,Money Transfer,TMT,Primary (KBank),544.14,Thai Baht,THB,Lazada (CITI),544.14,Thai Baht,THB,6979.43,Thai Baht,THB,,,,,,,
288,24 Sep 2020 19:13:35,2,Expense,TEP,Wallet,200,Thai Baht,THB,,0,Unknown,UKN,130,Thai Baht,THB,Food,Dinner,Food: Dinner,,KFC,,
289,24 Sep 2020 19:34:38,5,Money Transfer,TMT,Primary (KBank),900,Thai Baht,THB,Wallet,900,Thai Baht,THB,6079.43,Thai Baht,THB,,,,,,,
290,25 Sep 2020 23:14:33,2,Expense,TEP,Wallet,100,Thai Baht,THB,,0,Unknown,UKN,930,Thai Baht,THB,Transportation,Underground Gift,Transportation: Underground Gift: Just for fun,,MRT,,
291,26 Sep 2020 18:21:36,2,Expense,TEP,Wallet,460,Thai Baht,THB,,0,Unknown,UKN,470,Thai Baht,THB,Food,Dinner Gift,Food: Dinner Gift: Just for fun,,MK,,
292,28 Sep 2020 13:18:40,2,Expense,TEP,Primary (KBank),225,Thai Baht,THB,,0,Unknown,UKN,5854.43,Thai Baht,THB,Food,Lunch,Food: Lunch,,BonChon,,
293,28 Sep 2020 13:19:40,3,Income,TIN,Primary (KBank),1,Thai Baht,THB,,0,Unknown,UKN,5855.43,Thai Baht,THB,Other,,Other,,,,
294,28 Sep 2020 19:47:22,5,Money Transfer,TMT,Primary (KBank),100,Thai Baht,THB,True wallet,100,Thai Baht,THB,5755.43,Thai Baht,THB,,,,,,,
295,28 Sep 2020 20:06:14,2,Expense,TEP,True wallet,70,Thai Baht,THB,,0,Unknown,UKN,56,Thai Baht,THB,Food,Snacks,Food: Snacks,,7-11,,
296,28 Sep 2020 20:08:56,2,Expense,TEP,Wisdom (KBank),119,Thai Baht,THB,,0,Unknown,UKN,1010557.57,Thai Baht,THB,Digital Shopping,Game,Digital Shopping: Game,Monopoly,Apple,,
297,28 Sep 2020 20:09:48,2,Expense,TEP,Wisdom (KBank),119,Thai Baht,THB,,0,Unknown,UKN,1010438.57,Thai Baht,THB,Digital Shopping,Game,Digital Shopping: Game,The game of life 2,Apple,,
298,29 Sep 2020 01:30:06,3,Income,TIN,Primary (KBank),45760.41,Thai Baht,THB,,0,Unknown,UKN,51515.84,Thai Baht,THB,Salary,,Salary,,Agoda,,
299,29 Sep 2020 09:28:45,5,Money Transfer,TMT,Primary (KBank),4766.61,Thai Baht,THB,World Mastercard (KTC),4766.61,Thai Baht,THB,46749.23,Thai Baht,THB,,,,,,,
300,1 Oct 2020 00:46:57,3,Income,TIN,Saving Account (Kept),283.29,Thai Baht,THB,,0,Unknown,UKN,215566.29,Thai Baht,THB,Interest,,Interest,,,,
301,1 Oct 2020 01:45:16,3,Income,TIN,Spend (KcNt),1000,Thai Baht,THB,,0,Unknown,UKN,7637.89,Thai Baht,THB,Gifts,,Gifts,,Natcha,,
302,1 Oct 2020 01:45:59,3,Income,TIN,Traveling (KcNt),2000,Thai Baht,THB,,0,Unknown,UKN,21147.18,Thai Baht,THB,Gifts,,Gifts,,Natcha,,
303,1 Oct 2020 09:00:10,5,Money Transfer,TMT,Primary (KBank),30000,Thai Baht,THB,Saving Account (Kept),30000,Thai Baht,THB,16749.23,Thai Baht,THB,,,,Saving,,,
304,1 Oct 2020 10:00:13,5,Money Transfer,TMT,Primary (KBank),1000,Thai Baht,THB,Spend (KcNt),1000,Thai Baht,THB,15749.23,Thai Baht,THB,,,,For daily spending  Auto-generated transaction,,,Couple
305,1 Oct 2020 10:00:38,5,Money Transfer,TMT,Primary (KBank),2000,Thai Baht,THB,Traveling (KcNt),2000,Thai Baht,THB,13749.23,Thai Baht,THB,,,,For travel together  Auto-generated transaction,,,Couple
306,1 Oct 2020 16:43:12,2,Expense,TEP,World Mastercard (KTC),2992,Thai Baht,THB,,0,Unknown,UKN,115555,Thai Baht,THB,Entertainment,Books,Entertainment: Books,หนังสือนิยาย,Jamsai,,
307,2 Oct 2020 19:40:16,2,Expense,TEP,World Mastercard (KTC),658,Thai Baht,THB,,0,Unknown,UKN,114897,Thai Baht,THB,Food,Dinner,Food: Dinner,,Aka,,
308,2 Oct 2020 20:52:14,2,Expense,TEP,Wallet,40,Thai Baht,THB,,0,Unknown,UKN,430,Thai Baht,THB,Transportation,Underground,Transportation: Underground,,MRT,,
309,2 Oct 2020 20:53:42,2,Expense,TEP,Wallet,20,Thai Baht,THB,,0,Unknown,UKN,410,Thai Baht,THB,Drinks,Soft Drinks Gift,Drinks: Soft Drinks Gift: Just for fun,Water,Natcha,,
310,2 Oct 2020 21:25:27,5,Money Transfer,TMT,Primary (KBank),1000,Thai Baht,THB,Wallet,1000,Thai Baht,THB,12749.23,Thai Baht,THB,,,,,,,
311,3 Oct 2020 14:26:38,3,Income,TIN,Wisdom (KBank),2740.47,Thai Baht,THB,,0,Unknown,UKN,1013179.04,Thai Baht,THB,Reimbursement,,Reimbursement,,Natcha,,
312,3 Oct 2020 16:59:34,2,Expense,TEP,World Mastercard (KTC),610,Thai Baht,THB,,0,Unknown,UKN,114287,Thai Baht,THB,Food,Dinner,Food: Dinner,,Chuan,,
313,4 Oct 2020 13:10:41,2,Expense,TEP,Wallet,760,Thai Baht,THB,,0,Unknown,UKN,650,Thai Baht,THB,Entertainment,Books Gift,Entertainment: Books Gift: Just for fun,Conan,Vibulkij Comics,,
314,4 Oct 2020 13:15:07,2,Expense,TEP,Wallet,200,Thai Baht,THB,,0,Unknown,UKN,450,Thai Baht,THB,Food,Lunch,Food: Lunch,,KFC,,
315,4 Oct 2020 14:33:46,2,Expense,TEP,Primary (KBank),750,Thai Baht,THB,,0,Unknown,UKN,11999.23,Thai Baht,THB,Entertainment,E-Book,Entertainment: E-Book,นิยาย,Dek-D,,
316,7 Oct 2020 09:42:36,1,Opening Balance,TOB,Diamond UnionPay (KTC),0,Thai Baht,THB,,0,Unknown,UKN,120000,Thai Baht,THB,,,,,,,
317,7 Oct 2020 09:43:47,2,Expense,TEP,Diamond UnionPay (KTC),992,Thai Baht,THB,,0,Unknown,UKN,119008,Thai Baht,THB,Transportation,Train,Transportation: Train,,BTS,,
318,7 Oct 2020 23:40:05,2,Expense,TEP,True wallet,46,Thai Baht,THB,,0,Unknown,UKN,10,Thai Baht,THB,Food,Snacks,Food: Snacks,,7-11,,
319,8 Oct 2020 14:43:47,2,Expense,TEP,World Mastercard (KTC),1251,Thai Baht,THB,,0,Unknown,UKN,113036,Thai Baht,THB,Food,Lunch,Food: Lunch,,Sizzler,,Multiple
320,8 Oct 2020 15:15:36,3,Income,TIN,World Mastercard (KTC),1176.5,Thai Baht,THB,,0,Unknown,UKN,114212.5,Thai Baht,THB,Reimbursement,,Reimbursement,,Sizzler,,Multiple
321,9 Oct 2020 10:00:33,2,Expense,TEP,Wisdom (KBank),99,Thai Baht,THB,,0,Unknown,UKN,1013080.04,Thai Baht,THB,Digital Shopping,Services,Digital Shopping: Services,Apple iCloud storage  Auto-generated transaction,Apple,,
322,9 Oct 2020 10:07:30,1,Opening Balance,TOB,YouTrip (HKD),0,Hong Kong Dollar,HKD,,0,Unknown,UKN,0,Hong Kong Dollar,HKD,,,,,,,
323,9 Oct 2020 10:07:31,5,Money Transfer,TMT,Primary (KBank),3700.8,Thai Baht,THB,YouTrip (HKD),922,Hong Kong Dollar,HKD,8298.43,Thai Baht,THB,,,,,,,
324,11 Oct 2020 11:54:06,2,Expense,TEP,World Mastercard (KTC),2370,Thai Baht,THB,,0,Unknown,UKN,111842.5,Thai Baht,THB,Health,Dental,Health: Dental,,Paolo,,
325,11 Oct 2020 13:38:32,2,Expense,TEP,Spend (KcNt),380,Thai Baht,THB,,0,Unknown,UKN,8257.89,Thai Baht,THB,Food,Lunch,Food: Lunch,,MK,,
326,11 Oct 2020 13:43:04,5,Money Transfer,TMT,Primary (KBank),1000,Thai Baht,THB,Wallet,1000,Thai Baht,THB,7298.43,Thai Baht,THB,,,,,,,
327,11 Oct 2020 13:43:23,5,Money Transfer,TMT,Wallet,380,Thai Baht,THB,Primary (KBank),380,Thai Baht,THB,1070,Thai Baht,THB,,,,,,,
328,11 Oct 2020 14:22:03,2,Expense,TEP,Wallet,20,Thai Baht,THB,,0,Unknown,UKN,1050,Thai Baht,THB,Food,Snacks,Food: Snacks,,DailyQueen,,
329,11 Oct 2020 14:24:47,2,Expense,TEP,World Mastercard (KTC),571,Thai Baht,THB,,0,Unknown,UKN,111271.5,Thai Baht,THB,Household,Home Supplies,Household: Home Supplies,,Natcha,,
330,11 Oct 2020 14:25:58,5,Money Transfer,TMT,Spend (KcNt),571,Thai Baht,THB,World Mastercard (KTC),571,Thai Baht,THB,7686.89,Thai Baht,THB,,,,,,,
331,16 Oct 2020 14:21:21,2,Expense,TEP,YouTrip (USD),82,US Dollar,USD,,0,Unknown,UKN,143.85,US Dollar,USD,Physical Shopping,Digital Accessory,Physical Shopping: Digital Accessory,,Kickstarter,,
332,17 Oct 2020 07:47:09,2,Expense,TEP,True wallet,88,Thai Baht,THB,,0,Unknown,UKN,-78,Thai Baht,THB,Food,Breakfast,Food: Breakfast,,7-11,,
333,17 Oct 2020 07:47:11,5,Money Transfer,TMT,Primary (KBank),200,Thai Baht,THB,True wallet,200,Thai Baht,THB,7478.43,Thai Baht,THB,,,,,,,
334,17 Oct 2020 08:38:44,3,Income,TIN,Traveling (KcNt),2000,Thai Baht,THB,,0,Unknown,UKN,25147.18,Thai Baht,THB,Gifts,,Gifts,,Natcha,,
335,19 Oct 2020 11:38:54,2,Expense,TEP,Spend (KcNt),216,Thai Baht,THB,,0,Unknown,UKN,7470.89,Thai Baht,THB,Physical Shopping,Personal care,Physical Shopping: Personal care,ยาสีฟัน,Amway,,Couple
336,20 Oct 2020 00:00:55,2,Expense,TEP,Wisdom (KBank),2792.67,Thai Baht,THB,,0,Unknown,UKN,1010287.37,Thai Baht,THB,Physical Shopping,Mobile,Physical Shopping: Mobile,ค่า iPad,Natcha,,
337,24 Oct 2020 13:42:15,2,Expense,TEP,Wallet,180,Thai Baht,THB,,0,Unknown,UKN,870,Thai Baht,THB,Food,Lunch,Food: Lunch,,FoodRepublish,,
338,24 Oct 2020 18:00:57,3,Income,TIN,Wallet,200,Thai Baht,THB,,0,Unknown,UKN,1070,Thai Baht,THB,Salary,,Salary,,iTAX,,
339,24 Oct 2020 19:01:13,2,Expense,TEP,Wallet,200,Thai Baht,THB,,0,Unknown,UKN,870,Thai Baht,THB,Food,Dinner,Food: Dinner,,IkeaFoodCourt,,
340,25 Oct 2020 13:23:18,2,Expense,TEP,Wallet,8,Thai Baht,THB,,0,Unknown,UKN,862,Thai Baht,THB,Gift,Just for fun,Gift: Just for fun,,Natcha,,
341,25 Oct 2020 13:23:21,2,Expense,TEP,Wallet,622,Thai Baht,THB,,0,Unknown,UKN,240,Thai Baht,THB,Food,Lunch,Food: Lunch,,MK,,
342,25 Oct 2020 13:31:05,3,Income,TIN,Wallet,210,Thai Baht,THB,,0,Unknown,UKN,450,Thai Baht,THB,Reimbursement,,Reimbursement,Friend in iTAX,,,
343,25 Oct 2020 14:00:58,2,Expense,TEP,Wallet,10,Thai Baht,THB,,0,Unknown,UKN,440,Thai Baht,THB,Gift,Just for fun,Gift: Just for fun,,Natcha,,
344,25 Oct 2020 15:29:32,2,Expense,TEP,Wallet,100,Thai Baht,THB,,0,Unknown,UKN,340,Thai Baht,THB,Drinks,Tea Gift,Drinks: Tea Gift: Just for fun,IKEA,Natcha,,
345,25 Oct 2020 18:00:45,3,Income,TIN,Wallet,200,Thai Baht,THB,,0,Unknown,UKN,540,Thai Baht,THB,Salary,,Salary,,iTAX,,
346,25 Oct 2020 20:10:41,2,Expense,TEP,World Mastercard (KTC),509,Thai Baht,THB,,0,Unknown,UKN,111333.5,Thai Baht,THB,Food,Dinner,Food: Dinner,,PepperLunch,,
347,25 Oct 2020 20:38:19,3,Income,TIN,Wallet,165,Thai Baht,THB,,0,Unknown,UKN,705,Thai Baht,THB,Reimbursement,,Reimbursement,Friend in iTAX,,,
348,25 Oct 2020 20:40:40,2,Expense,TEP,Wallet,5,Thai Baht,THB,,0,Unknown,UKN,700,Thai Baht,THB,Gift,Just for fun,Gift: Just for fun,,Natcha,,
349,26 Oct 2020 03:00:52,3,Income,TIN,Primary (KBank),2370,Thai Baht,THB,,0,Unknown,UKN,9848.43,Thai Baht,THB,Reimbursement,,Reimbursement,,MuangThai,,
350,26 Oct 2020 11:35:17,5,Money Transfer,TMT,Primary (KBank),992,Thai Baht,THB,Diamond UnionPay (KTC),992,Thai Baht,THB,8856.43,Thai Baht,THB,,,,,,,
351,27 Oct 2020 13:32:50,2,Expense,TEP,Wallet,540,Thai Baht,THB,,0,Unknown,UKN,160,Thai Baht,THB,Food,Lunch,Food: Lunch,,MK,,
352,27 Oct 2020 18:26:09,5,Money Transfer,TMT,Primary (KBank),900,Thai Baht,THB,Wallet,900,Thai Baht,THB,7956.43,Thai Baht,THB,,,,,,,
353,28 Oct 2020 12:24:30,5,Money Transfer,TMT,Primary (KBank),5000,Thai Baht,THB,YouTrip (USD),160.65,US Dollar,USD,2956.43,Thai Baht,THB,,,,,,,
354,28 Oct 2020 12:25:24,3,Income,TIN,Primary (KBank),3000,Thai Baht,THB,,0,Unknown,UKN,5956.43,Thai Baht,THB,Salary,,Salary,iTAX Event,iTAX,,
355,28 Oct 2020 12:26:36,2,Expense,TEP,YouTrip (USD),58,US Dollar,USD,,0,Unknown,UKN,246.5,US Dollar,USD,Physical Shopping,Digital Accessory,Physical Shopping: Digital Accessory,Keyboard accessory,Keychron,,
356,29 Oct 2020 16:54:04,2,Expense,TEP,Wisdom (KBank),628.12,Thai Baht,THB,,0,Unknown,UKN,1009659.25,Thai Baht,THB,Traveling,Accommodation,Traveling: Accommodation,,Agoda,,
357,29 Oct 2020 17:06:40,2,Expense,TEP,Wallet,224,Thai Baht,THB,,0,Unknown,UKN,836,Thai Baht,THB,Food,Dinner,Food: Dinner,,,,
358,29 Oct 2020 17:08:43,2,Expense,TEP,Wallet,6,Thai Baht,THB,,0,Unknown,UKN,830,Thai Baht,THB,Gift,Just for fun,Gift: Just for fun,,,,
359,29 Oct 2020 17:09:48,2,Expense,TEP,Wallet,45,Thai Baht,THB,,0,Unknown,UKN,785,Thai Baht,THB,Transportation,Taxi,Transportation: Taxi,,,,
360,29 Oct 2020 19:53:12,2,Expense,TEP,Wallet,40,Thai Baht,THB,,0,Unknown,UKN,745,Thai Baht,THB,Transportation,Taxi,Transportation: Taxi,,,,
361,29 Oct 2020 19:53:46,3,Income,TIN,Primary (KBank),314,Thai Baht,THB,,0,Unknown,UKN,6270.43,Thai Baht,THB,Reimbursement,,Reimbursement,,,,
362,30 Oct 2020 00:00:05,3,Income,TIN,Spend (KcNt),1000,Thai Baht,THB,,0,Unknown,UKN,8470.89,Thai Baht,THB,Gifts,,Gifts,,Natcha,,
363,30 Oct 2020 01:46:09,3,Income,TIN,Primary (KBank),44935.42,Thai Baht,THB,,0,Unknown,UKN,51205.85,Thai Baht,THB,Salary,,Salary,,Agoda,,
364,30 Oct 2020 02:20:42,3,Income,TIN,Primary (KBank),750,Thai Baht,THB,,0,Unknown,UKN,51955.85,Thai Baht,THB,Reimbursement,,Reimbursement,Agoda Choice,Agoda,,
365,1 Nov 2020 03:14:19,3,Income,TIN,Saving Account (Kept),317.63,Thai Baht,THB,,0,Unknown,UKN,245883.92,Thai Baht,THB,Interest,,Interest,,,,
366,1 Nov 2020 09:00:10,5,Money Transfer,TMT,Primary (KBank),30000.08,Thai Baht,THB,Saving Account (Kept),30000.08,Thai Baht,THB,21955.77,Thai Baht,THB,,,,Saving  Auto-generated transaction,,,
367,1 Nov 2020 10:00:13,5,Money Transfer,TMT,Primary (KBank),1000,Thai Baht,THB,Spend (KcNt),1000,Thai Baht,THB,20955.77,Thai Baht,THB,,,,For daily spending  Auto-generated transaction,,,Couple
368,1 Nov 2020 10:00:38,5,Money Transfer,TMT,Primary (KBank),2000,Thai Baht,THB,Traveling (KcNt),2000,Thai Baht,THB,18955.77,Thai Baht,THB,,,,For travel together  Auto-generated transaction,,,Couple
369,1 Nov 2020 11:20:27,5,Money Transfer,TMT,Primary (KBank),712.63,Thai Baht,THB,Wisdom (KBank),712.63,Thai Baht,THB,18243.14,Thai Baht,THB,,,,,,,
370,1 Nov 2020 11:24:07,5,Money Transfer,TMT,Primary (KBank),8157.5,Thai Baht,THB,World Mastercard (KTC),8157.5,Thai Baht,THB,10085.64,Thai Baht,THB,,,,,,,
371,2 Nov 2020 12:38:46,5,Money Transfer,TMT,Saving Account (ME),1027816.13,Thai Baht,THB,Primary (KBank),1027816.13,Thai Baht,THB,0,Thai Baht,THB,,,,,,,
372,2 Nov 2020 12:44:41,5,Money Transfer,TMT,Primary (KBank),1028651,Thai Baht,THB,Saving Account (Kept),1028651,Thai Baht,THB,9250.77,Thai Baht,THB,,,,,,,
373,3 Nov 2020 10:00:25,2,Expense,TEP,World Mastercard (KTC),3978.35,Thai Baht,THB,,0,Unknown,UKN,115512.65,Thai Baht,THB,Traveling,Accommodation Transportation,Traveling: Accommodation Transportation: Airplane,เกาะยาวน้อย  Auto-generated transaction,Phuket,,Travel
374,3 Nov 2020 15:34:31,5,Money Transfer,TMT,Saving Account (Kept),10000,Thai Baht,THB,Primary (KBank),10000,Thai Baht,THB,1294535,Thai Baht,THB,,,,,,,
375,3 Nov 2020 15:34:43,5,Money Transfer,TMT,Primary (KBank),5000,Thai Baht,THB,YouTrip (USD),160.98,US Dollar,USD,14250.77,Thai Baht,THB,,,,,,,
376,4 Nov 2020 10:29:46,3,Income,TIN,Primary (KBank),2949.27,Thai Baht,THB,,0,Unknown,UKN,17200.04,Thai Baht,THB,Reimbursement,,Reimbursement,ค่า iPad,Natcha,,
377,5 Nov 2020 21:04:19,2,Expense,TEP,Wallet,620,Thai Baht,THB,,0,Unknown,UKN,125,Thai Baht,THB,Food,Dinner,Food: Dinner,,MK,,
378,5 Nov 2020 21:09:10,5,Money Transfer,TMT,Primary (KBank),900,Thai Baht,THB,Wallet,900,Thai Baht,THB,16300.04,Thai Baht,THB,,,,,,,
379,6 Nov 2020 21:20:30,2,Expense,TEP,True wallet,70,Thai Baht,THB,,0,Unknown,UKN,52,Thai Baht,THB,Food,Snacks,Food: Snacks,,7-11,,
380,8 Nov 2020 16:03:43,2,Expense,TEP,Primary (KBank),1350,Thai Baht,THB,,0,Unknown,UKN,14950.04,Thai Baht,THB,Health,Massage,Health: Massage,,LadaSpa,,
381,8 Nov 2020 17:00:51,2,Expense,TEP,World Mastercard (KTC),851.9,Thai Baht,THB,,0,Unknown,UKN,114660.75,Thai Baht,THB,Physical Shopping,Accessories,Physical Shopping: Accessories,,Top,,
382,8 Nov 2020 18:30:27,2,Expense,TEP,YouTrip (HKD),845,Hong Kong Dollar,HKD,,0,Unknown,UKN,77,Hong Kong Dollar,HKD,Physical Shopping,Digital Accessory,Physical Shopping: Digital Accessory,Wireless changer,Kickstarter,,
383,8 Nov 2020 18:59:11,2,Expense,TEP,Wallet,800,Thai Baht,THB,,0,Unknown,UKN,225,Thai Baht,THB,Food,Dinner,Food: Dinner,,MK,,
384,8 Nov 2020 21:15:07,3,Income,TIN,Primary (KBank),280.25,Thai Baht,THB,,0,Unknown,UKN,15230.29,Thai Baht,THB,Reimbursement,,Reimbursement,From shopping,Rungnapa,,
385,9 Nov 2020 10:30:22,2,Expense,TEP,Wisdom (KBank),44,Thai Baht,THB,,0,Unknown,UKN,1010327.88,Thai Baht,THB,Transportation,Train,Transportation: Train,,BTS,,
386,9 Nov 2020 19:56:23,2,Expense,TEP,Diamond UnionPay (KTC),992,Thai Baht,THB,,0,Unknown,UKN,119008,Thai Baht,THB,Transportation,Train,Transportation: Train,,BTS,,
387,10 Nov 2020 14:04:52,2,Expense,TEP,World Mastercard (KTC),1080.72,Thai Baht,THB,,0,Unknown,UKN,113580.03,Thai Baht,THB,Food,Lunch,Food: Lunch,,On-Yasai,,
388,10 Nov 2020 14:06:04,2,Expense,TEP,Wallet,20,Thai Baht,THB,,0,Unknown,UKN,205,Thai Baht,THB,Transportation,Underground,Transportation: Underground,,MRT,,
389,10 Nov 2020 14:15:06,5,Money Transfer,TMT,Primary (KBank),900,Thai Baht,THB,Wallet,900,Thai Baht,THB,14330.29,Thai Baht,THB,,,,,,,
390,11 Nov 2020 13:06:06,5,Money Transfer,TMT,Spend (KcNt),571.65,Thai Baht,THB,Primary (KBank),571.65,Thai Baht,THB,8899.24,Thai Baht,THB,,,,Reimburse Top shopping at (8 Nov 2020),Natcha,,
391,11 Nov 2020 13:11:17,5,Money Transfer,TMT,Primary (KBank),5000,Thai Baht,THB,YouTrip (USD),164.72,US Dollar,USD,9901.94,Thai Baht,THB,,,,,,,
392,12 Nov 2020 10:32:24,2,Expense,TEP,Wallet,5,Thai Baht,THB,,0,Unknown,UKN,1100,Thai Baht,THB,Gift,Just for fun,Gift: Just for fun,,,,
393,13 Nov 2020 20:45:26,2,Expense,TEP,World Mastercard (KTC),812,Thai Baht,THB,,0,Unknown,UKN,112768.03,Thai Baht,THB,Food,Dinner,Food: Dinner,,DakGalbi,,
394,15 Nov 2020 13:37:07,2,Expense,TEP,Wallet,700,Thai Baht,THB,,0,Unknown,UKN,400,Thai Baht,THB,Food,Lunch,Food: Lunch,,MK,,
395,15 Nov 2020 13:38:20,4,Balance Adjustment,TBJ,Wallet,-40,Thai Baht,THB,,0,Unknown,UKN,360,Thai Baht,THB,,,,,,,
396,18 Nov 2020 13:19:04,2,Expense,TEP,Primary (KBank),2696.46,Thai Baht,THB,,0,Unknown,UKN,7205.48,Thai Baht,THB,Utilities,Phones,Utilities: Phones,,Dtac,,
397,18 Nov 2020 17:17:22,5,Money Transfer,TMT,Primary (KBank),100,Thai Baht,THB,True wallet,100,Thai Baht,THB,7105.48,Thai Baht,THB,,,,,,,
398,18 Nov 2020 17:17:42,2,Expense,TEP,True wallet,90,Thai Baht,THB,,0,Unknown,UKN,62,Thai Baht,THB,Food,Dinner,Food: Dinner,,7-11,,
399,18 Nov 2020 21:20:43,3,Income,TIN,Primary (KBank),200,Thai Baht,THB,,0,Unknown,UKN,7305.48,Thai Baht,THB,Reimbursement,,Reimbursement,,1Password,,
400,20 Nov 2020 00:00:55,2,Expense,TEP,Wisdom (KBank),2792.67,Thai Baht,THB,,0,Unknown,UKN,1007535.21,Thai Baht,THB,Physical Shopping,Mobile,Physical Shopping: Mobile,ค่า iPad   Auto-generated transaction,Natcha,,
401,20 Nov 2020 00:10:07,2,Expense,TEP,Wisdom (KBank),3990,Thai Baht,THB,,0,Unknown,UKN,1003545.21,Thai Baht,THB,Physical Shopping,Mobile,Physical Shopping: Mobile,iPhone from Apple Store,Apple,,
402,21 Nov 2020 16:03:39,5,Money Transfer,TMT,Wallet,60,Thai Baht,THB,Primary (KBank),60,Thai Baht,THB,300,Thai Baht,THB,,,,,,,
403,21 Nov 2020 16:06:35,5,Money Transfer,TMT,Wallet,100,Thai Baht,THB,Primary (KBank),100,Thai Baht,THB,200,Thai Baht,THB,,,,,,,
404,21 Nov 2020 16:07:28,2,Expense,TEP,Spend (KcNt),98,Thai Baht,THB,,0,Unknown,UKN,8801.24,Thai Baht,THB,Physical Shopping,Personal care,Physical Shopping: Personal care,,Watsons,,
405,21 Nov 2020 16:08:32,5,Money Transfer,TMT,Spend (KcNt),900,Thai Baht,THB,Wallet,900,Thai Baht,THB,7901.24,Thai Baht,THB,,,,,,,
406,27 Nov 2020 01:45:07,3,Income,TIN,Primary (KBank),44871.36,Thai Baht,THB,,0,Unknown,UKN,52336.84,Thai Baht,THB,Salary,,Salary,,Agoda,,
407,28 Nov 2020 00:01:47,3,Income,TIN,Saving Account (Kept),1484.58,Thai Baht,THB,,0,Unknown,UKN,1296019.58,Thai Baht,THB,Interest,,Interest,,Kept,,
408,28 Nov 2020 13:02:37,2,Expense,TEP,World Mastercard (KTC),679,Thai Baht,THB,,0,Unknown,UKN,112089.03,Thai Baht,THB,Food,Lunch,Food: Lunch,,BBQ Plaza,,
409,28 Nov 2020 14:56:33,2,Expense,TEP,Wallet,260,Thai Baht,THB,,0,Unknown,UKN,840,Thai Baht,THB,Food,Snacks Gift,Food: Snacks Gift: Just for fun,,CheevitCheeva,,
410,28 Nov 2020 18:12:28,2,Expense,TEP,World Mastercard (KTC),600,Thai Baht,THB,,0,Unknown,UKN,111489.03,Thai Baht,THB,Physical Shopping,Digital Accessory,Physical Shopping: Digital Accessory,iPhone Case,KPlusAccessories,,
411,28 Nov 2020 20:20:18,1,Opening Balance,TOB,Krungthai AXA,0,Thai Baht,THB,,0,Unknown,UKN,0,Thai Baht,THB,,,,,,,
412,28 Nov 2020 20:20:19,99,Unknown,TUN,World Mastercard (KTC),50000,Thai Baht,THB,,0,Unknown,UKN,61489.03,Thai Baht,THB,,,,,KrungthaiAXA,,
413,28 Nov 2020 20:37:27,5,Money Transfer,TMT,Primary (KBank),7454.79,Thai Baht,THB,Wisdom (KBank),7454.79,Thai Baht,THB,44882.05,Thai Baht,THB,,,,,,,
414,28 Nov 2020 20:44:05,5,Money Transfer,TMT,Primary (KBank),992,Thai Baht,THB,Diamond UnionPay (KTC),992,Thai Baht,THB,43890.05,Thai Baht,THB,,,,,,,
415,28 Nov 2020 20:47:13,5,Money Transfer,TMT,Primary (KBank),3253.62,Thai Baht,THB,World Mastercard (KTC),3253.62,Thai Baht,THB,40636.43,Thai Baht,THB,,,,,,,
416,28 Nov 2020 22:03:05,5,Money Transfer,TMT,Primary (KBank),100,Thai Baht,THB,True wallet,100,Thai Baht,THB,40536.43,Thai Baht,THB,,,,,,,
417,28 Nov 2020 22:03:16,2,Expense,TEP,True wallet,69,Thai Baht,THB,,0,Unknown,UKN,93,Thai Baht,THB,Food,Snacks,Food: Snacks,,7-11,,
418,29 Nov 2020 15:17:01,2,Expense,TEP,Traveling (KcNt),1700,Thai Baht,THB,,0,Unknown,UKN,25447.18,Thai Baht,THB,Traveling,Accommodation,Traveling: Accommodation,จันทบุรี,Chanthaburi,,Travel
419,30 Nov 2020 00:00:36,3,Income,TIN,Traveling (KcNt),2000,Thai Baht,THB,,0,Unknown,UKN,27447.18,Thai Baht,THB,Gifts,,Gifts,,Natcha,,
420,30 Nov 2020 02:34:26,2,Expense,TEP,World Mastercard (KTC),295,Thai Baht,THB,,0,Unknown,UKN,64447.65,Thai Baht,THB,Digital Shopping,Services,Digital Shopping: Services,Apple One  Auto-generated transaction,Apple,,
421,30 Nov 2020 11:07:08,3,Income,TIN,Spend (KcNt),1000,Thai Baht,THB,,0,Unknown,UKN,8901.24,Thai Baht,THB,Gifts,,Gifts,,Natcha,,
422,30 Nov 2020 11:07:24,3,Income,TIN,Traveling (KcNt),2000,Thai Baht,THB,,0,Unknown,UKN,29447.18,Thai Baht,THB,Gifts,,Gifts,,Natcha,,
423,1 Dec 2020 03:00:13,5,Money Transfer,TMT,Primary (KBank),1000,Thai Baht,THB,Spend (KcNt),1000,Thai Baht,THB,39536.43,Thai Baht,THB,,,,For daily spending,,,Couple
424,1 Dec 2020 03:00:38,5,Money Transfer,TMT,Primary (KBank),2000,Thai Baht,THB,Traveling (KcNt),2000,Thai Baht,THB,37536.43,Thai Baht,THB,,,,For travel together  Auto-generated transaction,,,Couple
425,1 Dec 2020 09:00:10,5,Money Transfer,TMT,Primary (KBank),30000,Thai Baht,THB,Saving Account (Kept),30000,Thai Baht,THB,7536.43,Thai Baht,THB,,,,Saving  Auto-generated transaction,,,
426,1 Dec 2020 09:36:56,5,Money Transfer,TMT,Traveling (KcNt),3978.35,Thai Baht,THB,World Mastercard (KTC),3978.35,Thai Baht,THB,27468.83,Thai Baht,THB,,,,,,,
427,1 Dec 2020 15:07:01,2,Expense,TEP,Wallet,94,Thai Baht,THB,,0,Unknown,UKN,746,Thai Baht,THB,Physical Shopping,Personal care,Physical Shopping: Personal care,,Phuket,,Travel
428,1 Dec 2020 15:55:46,2,Expense,TEP,Wallet,717,Thai Baht,THB,,0,Unknown,UKN,29,Thai Baht,THB,Food,Lunch,Food: Lunch,,MK,,Couple
429,1 Dec 2020 16:08:31,5,Money Transfer,TMT,Primary (KBank),900,Thai Baht,THB,Wallet,900,Thai Baht,THB,6636.43,Thai Baht,THB,,,,,,,
430,1 Dec 2020 16:08:47,5,Money Transfer,TMT,Spend (KcNt),717,Thai Baht,THB,Primary (KBank),717,Thai Baht,THB,9184.24,Thai Baht,THB,,,,,,,
431,1 Dec 2020 16:13:05,5,Money Transfer,TMT,Wallet,3,Thai Baht,THB,Primary (KBank),3,Thai Baht,THB,926,Thai Baht,THB,,,,,,,
432,1 Dec 2020 18:54:42,2,Expense,TEP,True wallet,64,Thai Baht,THB,,0,Unknown,UKN,29,Thai Baht,THB,Food,Snacks,Food: Snacks,,7-11,,
433,2 Dec 2020 08:44:45,2,Expense,TEP,World Mastercard (KTC),3159,Thai Baht,THB,,0,Unknown,UKN,65267,Thai Baht,THB,Transportation,Airplane,Transportation: Airplane,ยาวน้อย,Phuket,,Travel
434,2 Dec 2020 08:45:25,2,Expense,TEP,Wallet,300,Thai Baht,THB,,0,Unknown,UKN,626,Thai Baht,THB,Transportation,Taxi,Transportation: Taxi,,Phuket,,Travel
435,2 Dec 2020 08:47:35,2,Expense,TEP,Wallet,70,Thai Baht,THB,,0,Unknown,UKN,556,Thai Baht,THB,Car,Tollway,Car: Tollway,จากปรางค์,Phuket,,Travel
436,2 Dec 2020 08:51:43,5,Money Transfer,TMT,Traveling (KcNt),2000,Thai Baht,THB,Wallet,2000,Thai Baht,THB,25468.83,Thai Baht,THB,,,,,,,
437,2 Dec 2020 09:01:21,5,Money Transfer,TMT,Traveling (KcNt),70,Thai Baht,THB,Wallet,70,Thai Baht,THB,25398.83,Thai Baht,THB,,,,,,,
438,2 Dec 2020 09:03:51,2,Expense,TEP,Wallet,437,Thai Baht,THB,,0,Unknown,UKN,2189,Thai Baht,THB,Food,Breakfast,Food: Breakfast,,Phuket,,Travel
439,2 Dec 2020 09:10:37,2,Expense,TEP,Spend (KcNt),980,Thai Baht,THB,,0,Unknown,UKN,8204.24,Thai Baht,THB,Health,Medications,Health: Medications,ยาคุม,,,
440,2 Dec 2020 14:45:48,2,Expense,TEP,Wallet,600,Thai Baht,THB,,0,Unknown,UKN,1589,Thai Baht,THB,Food,Lunch,Food: Lunch,,Phuket,,Travel
441,2 Dec 2020 18:35:19,2,Expense,TEP,World Mastercard (KTC),560.25,Thai Baht,THB,,0,Unknown,UKN,64706.75,Thai Baht,THB,Drinks,Alcohol & Beer,Drinks: Alcohol & Beer,,Phuket,,Travel
442,3 Dec 2020 01:15:02,3,Income,TIN,Primary (KBank),1350,Thai Baht,THB,,0,Unknown,UKN,8706.43,Thai Baht,THB,Reimbursement,,Reimbursement,For Lada spa with Prang,Agoda,,
443,3 Dec 2020 09:19:32,5,Money Transfer,TMT,Traveling (KcNt),5821.39,Thai Baht,THB,Primary (KBank),5821.39,Thai Baht,THB,19577.44,Thai Baht,THB,,,,Reimburse from ยาวน้อย trip,,,
444,3 Dec 2020 10:00:25,2,Expense,TEP,World Mastercard (KTC),3978.35,Thai Baht,THB,,0,Unknown,UKN,60728.4,Thai Baht,THB,Traveling,Accommodation Transportation,Traveling: Accommodation Transportation: Airplane,เกาะยาวน้อย  Auto-generated transaction,Phuket,,Travel
445,3 Dec 2020 11:23:16,2,Expense,TEP,Wallet,30,Thai Baht,THB,,0,Unknown,UKN,1559,Thai Baht,THB,Drinks,Juice,Drinks: Juice,Coconut,Phuket,,Travel
446,3 Dec 2020 12:22:18,2,Expense,TEP,Wallet,176,Thai Baht,THB,,0,Unknown,UKN,1383,Thai Baht,THB,Food,Snacks,Food: Snacks,7-11,Phuket,,Travel
447,3 Dec 2020 13:23:52,2,Expense,TEP,Wallet,490,Thai Baht,THB,,0,Unknown,UKN,893,Thai Baht,THB,Food,Lunch,Food: Lunch,,Phuket,,Travel
448,3 Dec 2020 15:19:52,2,Expense,TEP,World Mastercard (KTC),238,Thai Baht,THB,,0,Unknown,UKN,60490.4,Thai Baht,THB,Digital Shopping,Game Digital Shopping,Digital Shopping: Game Digital Shopping: Services,Evo & Filter in MOLD,Apple,,
449,4 Dec 2020 10:34:16,2,Expense,TEP,Wallet,120,Thai Baht,THB,,0,Unknown,UKN,773,Thai Baht,THB,Traveling,Travel fee,Traveling: Travel fee,,Phuket,,Travel
450,4 Dec 2020 13:38:36,2,Expense,TEP,World Mastercard (KTC),965.14,Thai Baht,THB,,0,Unknown,UKN,59525.26,Thai Baht,THB,Food,Lunch,Food: Lunch,Paradise,Phuket,,Travel
451,4 Dec 2020 22:23:24,3,Income,TIN,True wallet,100,Thai Baht,THB,,0,Unknown,UKN,129,Thai Baht,THB,Gifts,,Gifts,,Natcha,,
452,4 Dec 2020 22:27:22,2,Expense,TEP,True wallet,84,Thai Baht,THB,,0,Unknown,UKN,45,Thai Baht,THB,Food,Snacks,Food: Snacks,,7-11,,
453,5 Dec 2020 13:36:58,2,Expense,TEP,World Mastercard (KTC),844,Thai Baht,THB,,0,Unknown,UKN,58681.26,Thai Baht,THB,Food,Lunch,Food: Lunch,เลื้ยงวันเกิด,Aka,,Couple
454,6 Dec 2020 15:19:47,5,Money Transfer,TMT,Wallet,300,Thai Baht,THB,Primary (KBank),300,Thai Baht,THB,473,Thai Baht,THB,,,,,,,
455,6 Dec 2020 15:21:45,5,Money Transfer,TMT,Primary (KBank),900,Thai Baht,THB,Wallet,900,Thai Baht,THB,13927.82,Thai Baht,THB,,,,,,,
456,6 Dec 2020 15:31:55,2,Expense,TEP,Diamond UnionPay (KTC),637,Thai Baht,THB,,0,Unknown,UKN,119363,Thai Baht,THB,Transportation,Train,Transportation: Train,,BTS,,
457,7 Dec 2020 14:25:59,3,Income,TIN,Primary (KBank),2000,Thai Baht,THB,,0,Unknown,UKN,15927.82,Thai Baht,THB,Gifts,,Gifts,ของแถมประกัน,,,
458,7 Dec 2020 18:26:28,2,Expense,TEP,Wallet,559,Thai Baht,THB,,0,Unknown,UKN,814,Thai Baht,THB,Food,Dinner,Food: Dinner,,MK,,
459,7 Dec 2020 18:26:55,2,Expense,TEP,Wallet,1,Thai Baht,THB,,0,Unknown,UKN,813,Thai Baht,THB,Gift,Just for fun,Gift: Just for fun,,Natcha,,
460,7 Dec 2020 18:45:52,3,Income,TIN,Primary (KBank),2792.67,Thai Baht,THB,,0,Unknown,UKN,18720.49,Thai Baht,THB,Reimbursement,,Reimbursement,ค่าไอแพดปรางค์,Natcha,,
461,8 Dec 2020 13:48:51,2,Expense,TEP,Primary (KBank),20,Thai Baht,THB,,0,Unknown,UKN,18700.49,Thai Baht,THB,Financial,Fee,Financial: Fee,ค่าเอกสาร transcript,KasetsartUniversity,,
462,8 Dec 2020 13:50:35,5,Money Transfer,TMT,Saving Account (Kept),0.58,Thai Baht,THB,Primary (KBank),0.58,Thai Baht,THB,1326019,Thai Baht,THB,,,,,,,
463,8 Dec 2020 13:53:21,4,Balance Adjustment,TBJ,Wallet,-273,Thai Baht,THB,,0,Unknown,UKN,540,Thai Baht,THB,,,,,,,
464,9 Dec 2020 12:56:07,5,Money Transfer,TMT,Primary (KBank),5000,Thai Baht,THB,YouTrip (USD),166.73,US Dollar,USD,13701.07,Thai Baht,THB,,,,,,,
465,9 Dec 2020 16:25:42,3,Income,TIN,Saving Account (Kept),50,Thai Baht,THB,,0,Unknown,UKN,1326069,Thai Baht,THB,Gifts,,Gifts,Referring kept,,,
466,9 Dec 2020 16:26:12,5,Money Transfer,TMT,Saving Account (Kept),50,Thai Baht,THB,Primary (KBank),50,Thai Baht,THB,1326019,Thai Baht,THB,,,,,,,
467,11 Dec 2020 20:19:55,5,Money Transfer,TMT,Primary (KBank),900,Thai Baht,THB,Wallet,900,Thai Baht,THB,12851.07,Thai Baht,THB,,,,,,,
468,11 Dec 2020 20:20:07,2,Expense,TEP,Wallet,640,Thai Baht,THB,,0,Unknown,UKN,800,Thai Baht,THB,Food,Dinner,Food: Dinner,,MK,,Couple
469,13 Dec 2020 11:08:50,2,Expense,TEP,Wallet,40,Thai Baht,THB,,0,Unknown,UKN,760,Thai Baht,THB,Food,Breakfast,Food: Breakfast,Food court,,,
470,13 Dec 2020 15:56:05,2,Expense,TEP,True wallet,30,Thai Baht,THB,,0,Unknown,UKN,15,Thai Baht,THB,Food,Snacks,Food: Snacks,,7-11,,
471,13 Dec 2020 18:02:07,2,Expense,TEP,World Mastercard (KTC),501.6,Thai Baht,THB,,0,Unknown,UKN,58179.66,Thai Baht,THB,Food,Dinner,Food: Dinner,,NeoSuki,,
472,16 Dec 2020 16:07:13,2,Expense,TEP,World Mastercard (KTC),766,Thai Baht,THB,,0,Unknown,UKN,57413.66,Thai Baht,THB,Food,Dinner,Food: Dinner,,Gogoda,,
473,16 Dec 2020 20:31:16,5,Money Transfer,TMT,Primary (KBank),200,Thai Baht,THB,True wallet,200,Thai Baht,THB,12651.07,Thai Baht,THB,,,,,,,
474,16 Dec 2020 20:38:00,2,Expense,TEP,True wallet,74,Thai Baht,THB,,0,Unknown,UKN,141,Thai Baht,THB,Food,Snacks,Food: Snacks,,7-11,,
475,16 Dec 2020 23:00:00,3,Income,TIN,Primary (KBank),810,Thai Baht,THB,,0,Unknown,UKN,13461.07,Thai Baht,THB,Reimbursement,,Reimbursement,For Nintendo switch online,,,
476,16 Dec 2020 23:06:50,2,Expense,TEP,YouTrip (USD),34.83,US Dollar,USD,,0,Unknown,UKN,704.1,US Dollar,USD,Digital Shopping,Game,Digital Shopping: Game,,NintendoSwitch,,
477,16 Dec 2020 23:46:45,2,Expense,TEP,World Mastercard (KTC),200,Thai Baht,THB,,0,Unknown,UKN,57213.66,Thai Baht,THB,Digital Shopping,Game,Digital Shopping: Game,,CookieRun,,
478,16 Dec 2020 23:47:19,2,Expense,TEP,World Mastercard (KTC),599,Thai Baht,THB,,0,Unknown,UKN,56614.66,Thai Baht,THB,Digital Shopping,Game,Digital Shopping: Game,,CookieRun,,
479,17 Dec 2020 19:28:52,2,Expense,TEP,True wallet,35,Thai Baht,THB,,0,Unknown,UKN,106,Thai Baht,THB,Food,Dinner,Food: Dinner,,7-11,,
480,17 Dec 2020 19:41:18,99,Unknown,TUN,Primary (KBank),9676.81,Thai Baht,THB,,0,Unknown,UKN,23137.88,Thai Baht,THB,,,,,WealthMagik,,
481,18 Dec 2020 00:28:25,3,Income,TIN,Primary (KBank),37.79,Thai Baht,THB,,0,Unknown,UKN,23175.67,Thai Baht,THB,Interest,,Interest,,,,
482,18 Dec 2020 00:45:18,3,Income,TIN,Traveling (KcNt),31.13,Thai Baht,THB,,0,Unknown,UKN,19608.57,Thai Baht,THB,Interest,,Interest,,,,
483,18 Dec 2020 13:08:26,5,Money Transfer,TMT,Primary (KBank),9999.77,Thai Baht,THB,YouTrip (USD),335.82,US Dollar,USD,13175.9,Thai Baht,THB,,,,,,,
484,18 Dec 2020 23:12:41,2,Expense,TEP,World Mastercard (KTC),299,Thai Baht,THB,,0,Unknown,UKN,56315.66,Thai Baht,THB,Digital Shopping,Game,Digital Shopping: Game,,CookieRun,,
485,19 Dec 2020 08:34:02,5,Money Transfer,TMT,Traveling (KcNt),1000,Thai Baht,THB,Wallet,1000,Thai Baht,THB,18608.57,Thai Baht,THB,,,,,,,
486,19 Dec 2020 08:34:47,5,Money Transfer,TMT,Wallet,60,Thai Baht,THB,Primary (KBank),60,Thai Baht,THB,1700,Thai Baht,THB,,,,,,,
487,19 Dec 2020 08:35:42,2,Expense,TEP,Wallet,165,Thai Baht,THB,,0,Unknown,UKN,1535,Thai Baht,THB,Food,Breakfast,Food: Breakfast,,Chanthaburi,,Travel
488,19 Dec 2020 08:55:40,2,Expense,TEP,Traveling (KcNt),1700,Thai Baht,THB,,0,Unknown,UKN,16908.57,Thai Baht,THB,Traveling,Accommodation,Traveling: Accommodation,,Chanthaburi,,Travel
489,19 Dec 2020 10:56:54,2,Expense,TEP,Wallet,30,Thai Baht,THB,,0,Unknown,UKN,1505,Thai Baht,THB,Food,Snacks,Food: Snacks,ลูกชิ้น,Chanthaburi,,Travel
490,19 Dec 2020 11:01:05,2,Expense,TEP,Wallet,30,Thai Baht,THB,,0,Unknown,UKN,1475,Thai Baht,THB,Food,Snacks,Food: Snacks,Fruit,Chanthaburi,,Travel
491,19 Dec 2020 11:49:38,2,Expense,TEP,Wallet,160,Thai Baht,THB,,0,Unknown,UKN,1315,Thai Baht,THB,Traveling,Travel fee,Traveling: Travel fee,,Chanthaburi,,Travel
492,19 Dec 2020 13:39:34,5,Money Transfer,TMT,Primary (KBank),500,Thai Baht,THB,True wallet,500,Thai Baht,THB,12735.9,Thai Baht,THB,,,,,,,
493,19 Dec 2020 13:40:47,2,Expense,TEP,True wallet,177,Thai Baht,THB,,0,Unknown,UKN,429,Thai Baht,THB,Food,Snacks,Food: Snacks,7-11 snacks,Chanthaburi,,Travel
494,19 Dec 2020 15:04:59,2,Expense,TEP,Wallet,20,Thai Baht,THB,,0,Unknown,UKN,1295,Thai Baht,THB,Car,Parking,Car: Parking,,Chanthaburi,,Travel
495,19 Dec 2020 15:06:35,2,Expense,TEP,Wallet,20,Thai Baht,THB,,0,Unknown,UKN,1275,Thai Baht,THB,Traveling,Travel fee,Traveling: Travel fee,,Chanthaburi,,Travel
496,19 Dec 2020 15:07:29,2,Expense,TEP,Wallet,20,Thai Baht,THB,,0,Unknown,UKN,1255,Thai Baht,THB,Traveling,Travel fee,Traveling: Travel fee,,Chanthaburi,,Travel
497,20 Dec 2020 00:00:55,2,Expense,TEP,Wisdom (KBank),2792.67,Thai Baht,THB,,0,Unknown,UKN,1008207.33,Thai Baht,THB,Physical Shopping,Mobile,Physical Shopping: Mobile,ค่า iPad   Auto-generated transaction,Natcha,,
498,20 Dec 2020 10:03:35,2,Expense,TEP,Wallet,40,Thai Baht,THB,,0,Unknown,UKN,1215,Thai Baht,THB,Drinks,Tea,Drinks: Tea,,Chanthaburi,,Travel
499,20 Dec 2020 11:27:57,2,Expense,TEP,Wallet,15,Thai Baht,THB,,0,Unknown,UKN,1200,Thai Baht,THB,Food,Snacks,Food: Snacks,,Chanthaburi,,Travel
500,20 Dec 2020 12:30:31,2,Expense,TEP,Wallet,240,Thai Baht,THB,,0,Unknown,UKN,960,Thai Baht,THB,Food,Lunch,Food: Lunch,,Chanthaburi,,Travel
501,20 Dec 2020 15:08:51,2,Expense,TEP,World Mastercard (KTC),580,Thai Baht,THB,,0,Unknown,UKN,55735.66,Thai Baht,THB,Car,Fuel,Car: Fuel,,Chanthaburi,,Travel
502,20 Dec 2020 19:09:58,2,Expense,TEP,World Mastercard (KTC),680,Thai Baht,THB,,0,Unknown,UKN,55055.66,Thai Baht,THB,Food,Dinner,Food: Dinner,BonChon,Chanthaburi,,Travel
503,21 Dec 2020 20:00:39,2,Expense,TEP,World Mastercard (KTC),790,Thai Baht,THB,,0,Unknown,UKN,54265.66,Thai Baht,THB,Health,Dental,Health: Dental,,Paolo,,
504,21 Dec 2020 20:40:41,2,Expense,TEP,World Mastercard (KTC),298,Thai Baht,THB,,0,Unknown,UKN,53967.66,Thai Baht,THB,Physical Shopping,Personal care,Physical Shopping: Personal care,,BigC,,
505,22 Dec 2020 17:49:35,5,Money Transfer,TMT,True wallet,352,Thai Baht,THB,Primary (KBank),352,Thai Baht,THB,77,Thai Baht,THB,,,,Reimburse from prang friends,,,
506,22 Dec 2020 17:57:02,3,Income,TIN,Spend (KcNt),8.83,Thai Baht,THB,,0,Unknown,UKN,8213.07,Thai Baht,THB,Interest,,Interest,,,,
